Name,email,phone,Address,gpa,Credit Hours,Major,Password
Brande O'Doran,bodoran0@yelp.com,1123456756,Apt 317,0.8,19,Computer Science,xL8~s%/N#Bbz1}n{
Samuel Hammor,shammor1@imdb.com,84 723 778 7245,10th Floor,2.1,21,Computer Science,hP5.G_psP
Jim Dudhill,jdudhill2@geocities.jp,48 560 961 7923,Room 979,0.1,16,IT,iA4@p7}REy?~
Sam Forker,sforker3@abc.net.au,86 751 529 0921,Suite 32,0.6,20,IT,"cG6*5""R"""
Gisele Crawshay,gcrawshay4@163.com,86 741 731 9508,Apt 974,0.8,18,IT,"hZ3$k,MkMpOHvv"
Roderich Colquyte,rcolquyte5@shinystat.com,57 635 895 8311,PO Box 75002,2.9,14,IT,iG8#wb}|>
Kylen Domenico,kdomenico6@discuz.net,216 300 322 1500,Apt 1160,1.4,14,IT,uG2(uVuEO
Chariot Rickwood,crickwood7@mit.edu,86 879 385 4308,Apt 162,1.4,19,Computer Science,yZ0%#N8#308v
Marianne Baggs,mbaggs8@multiply.com,86 157 259 0269,Apt 457,0.4,20,IT,zN8&%!tt$6$
Cortie Mager,cmager9@google.com.au,420 874 924 7869,Suite 60,3.5,16,Computer Science,xZ6\n{|@
Kristofer Correa,kcorreaa@chicagotribune.com,7 791 148 3590,13th Floor,4.1,12,Computer Science,aT1+Ju=Ej&M
Lacie Verson,lversonb@sogou.com,33 158 529 9599,PO Box 12505,2.3,16,Computer Science,mU1~c_K<Kk8=_%g
Brandyn Jewess,bjewessc@pagesperso-orange.fr,86 425 737 7603,PO Box 52956,1.9,21,Computer Science,"bT2,rPl,Z"
Portia Ambresin,pambresind@example.com,49 486 269 9329,7th Floor,1.5,21,IT,"vY9,LO6R4($"
Yolanthe Kruszelnicki,ykruszelnickie@imgur.com,55 594 801 1021,Room 369,2.5,15,IT,yW5_PBiPZN@9(
Welby Goskar,wgoskarf@nytimes.com,380 535 962 4757,Apt 690,0.3,20,IT,fQ8+w`4Ks`CMv\
Carolyne Talbot,ctalbotg@privacy.gov.au,57 909 935 8073,Room 433,4.1,12,IT,xB4~kR2~vs
Valaree Idle,vidleh@plala.or.jp,970 434 355 8532,Room 293,1.9,18,Computer Science,vV7.!kOJ}|+YVS
Lotta Langcaster,llangcasteri@vimeo.com,48 656 492 8978,PO Box 9612,0.6,15,IT,zE6<}41Kw<yN.H)
Julina Looby,jloobyj@domainmarket.com,86 405 147 7794,1st Floor,3.9,17,Computer Science,wI6)u}}68v
Erminia Widdowson,ewiddowsonk@slate.com,51 856 236 2340,4th Floor,2.3,15,Computer Science,eU7.*52xdhkcQa
Hope Massei,hmasseil@vkontakte.ru,82 717 942 6532,Apt 529,3.2,13,Computer Science,cN9_#3f$gpsO
Zacharia Durran,zdurranm@yellowbook.com,597 936 763 7538,Suite 56,1.2,15,IT,"vZ3,d5(YeKDP!O"
Arin Jarrette,ajarretten@mtv.com,970 574 619 8287,PO Box 48351,2.6,21,IT,kE9'=7gSlSBsrhy>
Pippy Metzke,pmetzkeo@wired.com,81 487 265 7756,Suite 16,1.8,18,Computer Science,bT0?|VS@A&i
Ahmed Sansam,asansamp@com.com,86 933 333 0273,1st Floor,2.9,12,IT,"jV2/='W!Vu4k,!"
Andros Egell,aegellq@paypal.com,86 650 796 0019,Suite 23,2,16,IT,xS3@+0'?Ks~I
Constantin Bladge,cbladger@infoseek.co.jp,7 301 330 2539,PO Box 88045,1.4,19,IT,qZ3~<.CB@
Shannen Salthouse,ssalthouses@wsj.com,63 230 880 2353,PO Box 55931,1.4,12,Computer Science,aQ6\R~XZpeFk
Silva Crumpton,scrumptont@odnoklassniki.ru,57 620 491 1166,PO Box 3606,2.4,20,IT,aM2%gmm5Pq*@An
Adriano O' Donohue,aou@usatoday.com,86 346 167 7878,PO Box 28570,0.8,14,IT,kU6\yhA{<
Christophe McComiskey,cmccomiskeyv@cdbaby.com,86 794 364 7927,Apt 1693,3.1,16,Computer Science,aB3/A+@Gn5'Zuep
Ainslie Basil,abasilw@acquirethisname.com,54 637 475 7641,10th Floor,0.7,18,Computer Science,oK6.f}AosZm7Y
Sara-ann Ebbers,sebbersx@intel.com,506 862 563 4445,Room 429,3.3,15,IT,iW9>`OxWL**aW9mG
Koressa Jewise,kjewisey@bloomberg.com,235 324 527 9847,14th Floor,0.8,20,Computer Science,lF7&ZeND`
Vinita Philipsohn,vphilipsohnz@sphinn.com,223 323 143 9218,Room 16,2.2,12,IT,"tT0,vbd`?.d"
Casey Whyard,cwhyard10@addthis.com,47 948 606 1918,Suite 68,2.9,17,IT,tM2@yjt69!#otCrK
Gilburt Canadine,gcanadine11@indiatimes.com,86 373 203 3650,PO Box 4762,3.2,17,IT,tA1!|LSU
Augy Hamor,ahamor12@tinyurl.com,86 117 104 8271,1st Floor,0.8,17,Computer Science,bB0>Nlh!0
Cletis Probbings,cprobbings13@blogspot.com,1 904 274 0555,Room 1439,2.8,13,Computer Science,rJ2_i8Bv?.w
Vilhelmina Coldman,vcoldman14@barnesandnoble.com,86 518 495 8330,Suite 31,1,21,Computer Science,bC1$V@g.
Buffy Kearford,bkearford15@latimes.com,1 805 609 2462,Room 1397,0.9,21,IT,rJ2<#&0WX
Zora Farish,zfarish16@scientificamerican.com,7 300 135 0503,7th Floor,3.5,20,Computer Science,fL3)Keox
Susette Cyphus,scyphus17@nytimes.com,86 345 958 7876,Apt 975,1.7,17,Computer Science,pG2@rmco?qhHlT<Q
Audi Daverin,adaverin18@tripadvisor.com,592 955 483 9814,Room 1693,2.1,19,Computer Science,"uV9""?O8iti5dHb"
Deeanne Meech,dmeech19@yandex.ru,81 413 426 3070,Room 194,2.1,16,IT,iN8%}r0H8
Lucia Teulier,lteulier1a@patch.com,358 565 750 0412,Room 1060,1.5,12,IT,"kO0""(l?XMQ"
Ole Luetkemeyer,oluetkemeyer1b@google.ca,54 978 507 4573,Room 462,3.1,17,IT,rO7#th*VndMY
Pet Wormell,pwormell1c@odnoklassniki.ru,47 501 187 6968,Apt 1628,2.5,17,IT,mZ1&qi`Z>4#%
Danila Cayford,dcayford1d@prnewswire.com,420 167 231 3371,5th Floor,3.9,16,IT,iD7')pk9
Pet Marsh,pmarsh1e@youku.com,86 476 579 4446,Room 1569,3.4,18,Computer Science,"qI2,jZEX#"
Karita Elgey,kelgey1f@liveinternet.ru,51 455 307 1663,Suite 39,3,17,IT,yU8\~c2fWniG'
Hyacinthie Pfeuffer,hpfeuffer1g@fastcompany.com,46 658 156 3017,Suite 96,3.8,16,Computer Science,uZ0>OkTo6!
Ynes New,ynew1h@theatlantic.com,86 490 509 9196,16th Floor,2.1,15,IT,eS5`Hl%d~ea
Wallie Hayto,whayto1i@networksolutions.com,1 189 590 8039,Apt 234,0.4,21,Computer Science,"eC6""7aIg}HHe+"
Nadia Corris,ncorris1j@reverbnation.com,62 891 279 9340,Apt 1942,2.7,17,IT,"dN8""v}0Q"""
Andromache Crawshaw,acrawshaw1k@noaa.gov,375 626 970 8621,Apt 1282,2.5,13,IT,xO5+~wfm\puDkw
Horatio Hubbard,hhubbard1l@squarespace.com,380 985 569 0866,PO Box 68339,2.9,19,IT,tG6))z!uVKbHeOWW
Bryn Ianilli,bianilli1m@nydailynews.com,81 790 648 9728,Room 1700,3,20,IT,"hI7%wE*tmj,.Nq"
Taite Ruberry,truberry1n@blinklist.com,351 775 830 0788,4th Floor,1.1,12,IT,aM6>'DTuJHeP'
Barny Nuttall,bnuttall1o@bbb.org,55 607 650 7032,13th Floor,0.9,16,IT,iS4*75ITGV{c'\W
Antony Hartle,ahartle1p@uol.com.br,62 429 602 3045,Room 1278,2.4,18,IT,fO1'udf~lQ4(
Jackelyn Brimblecombe,jbrimblecombe1q@live.com,1 617 400 3192,Apt 1426,2.4,20,IT,pE1_9ulr/hx78S.'
Florian Lammertz,flammertz1r@whitehouse.gov,46 764 669 9566,Room 168,3.7,14,Computer Science,"xH0/Obg!NJ"""
Kora Gheerhaert,kgheerhaert1s@google.es,352 989 340 3097,Room 939,3.7,18,Computer Science,zC7%A.aA#d
Dyan Carette,dcarette1t@a8.net,1 786 880 9009,Apt 193,2.2,15,Computer Science,cR1*O#4Z%C3MV
Brandy Scuse,bscuse1u@umn.edu,86 931 691 7127,Apt 374,3.8,21,IT,zZ2@$UOC$f`
Aubrey Mation,amation1v@boston.com,351 780 770 2228,Apt 545,0,17,Computer Science,wI7`~=WQliR
Paxton McIleen,pmcileen1w@blogs.com,230 685 716 8977,PO Box 15562,4,20,IT,aW8?BLYSNaO8T*|I
Giuseppe Pendry,gpendry1x@hud.gov,86 745 795 2992,Suite 89,1.2,14,Computer Science,bA3}+)Ra5Z
Aidan Harsnep,aharsnep1y@pagesperso-orange.fr,375 978 985 4642,PO Box 5921,1.9,15,IT,xN8`>H/&\~KnxWZ
Fara Ebbitt,febbitt1z@woothemes.com,86 623 721 9815,Suite 15,0.9,21,Computer Science,nG1#pRrsOfTT
Carlotta Fawson,cfawson20@house.gov,509 119 902 9806,Suite 10,0.5,17,IT,"fS8,sXmcR0on1Uv_"
Anitra Francklin,afrancklin21@webmd.com,86 895 293 5151,PO Box 45905,1.7,21,IT,gM6'mlLF.x\WuBo
Kamila Storrs,kstorrs22@sakura.ne.jp,7 879 199 9538,12th Floor,2.8,17,Computer Science,"cW5{,lw4c1QkX"
Min Shade,mshade23@topsy.com,7 211 723 5616,Room 152,3.1,16,Computer Science,hJ0(=v1a\
Della Gisborne,dgisborne24@nih.gov,57 255 690 9612,PO Box 4652,3.1,16,Computer Science,jE3`riQo4Pe6
Osgood Marlin,omarlin25@imdb.com,33 948 556 2931,Apt 692,2.1,15,Computer Science,sY5=D1y6jmpBP
Bradney Justun,bjustun26@economist.com,86 927 668 1206,9th Floor,3.1,13,IT,"lP3~5KK.Nni"")+{"
Lisbeth Betjes,lbetjes27@unc.edu,62 437 561 0023,4th Floor,4.1,13,Computer Science,eB1!lM|c>X
Ingaborg Antonomolii,iantonomolii28@slate.com,62 921 891 5892,Apt 535,0.9,13,Computer Science,jH9_ReEHqQh6n
Horatius Lorrimer,hlorrimer29@bandcamp.com,86 818 585 2393,PO Box 45707,2.9,12,IT,wL3*VTvYRw
Buffy Jorn,bjorn2a@1und1.de,86 715 285 8087,PO Box 2917,0.9,21,Computer Science,lH3}IEC3
Jami Garrow,jgarrow2b@goo.gl,386 967 739 9119,20th Floor,3.2,21,Computer Science,"jU3.AR.?_,2R{b|"
Beret Brinklow,bbrinklow2c@apache.org,598 990 816 9500,11th Floor,0.9,13,Computer Science,nX8%Z.Jg=t
Sibel Van Ross,svan2d@blogger.com,48 969 219 4542,Suite 50,1,12,IT,tM7>y+_aTAyzP1=
Ab Bauld,abauld2e@smugmug.com,86 475 744 5630,Suite 35,3.5,17,IT,lU5/LNEBZje{dc!
Alia Spencock,aspencock2f@squidoo.com,30 764 341 0576,PO Box 86646,3.6,12,Computer Science,"kD8&GJ6o7)ILG,"
Berenice Deer,bdeer2g@webnode.com,86 125 649 2312,20th Floor,0.8,21,IT,mO5/@=%Xp5Ww4VWM
Edvard Twelvetree,etwelvetree2h@exblog.jp,62 422 945 8845,Room 1435,0.3,19,IT,xQ4@hm713eSE1~
Dix Cappel,dcappel2i@e-recht24.de,53 543 117 3894,Suite 81,0.5,16,Computer Science,wF9&z0=IR9)~%4V
Gradeigh Scud,gscud2j@ebay.com,33 951 318 4527,Apt 53,1.8,20,IT,mX2`\'NQrs$bQjb
Kurtis Oldroyde,koldroyde2k@nhs.uk,358 612 678 3935,Apt 1203,1.1,14,IT,vV5%b0+sN
Cornelle Oldfield-Cherry,coldfieldcherry2l@huffingtonpost.com,63 377 914 3344,Room 1757,3.8,14,IT,jY6*7$WH
Whitaker Gillyatt,wgillyatt2m@shop-pro.jp,86 663 677 5901,Suite 26,1.6,13,Computer Science,hR8=aXaG'Ret
Zonnya Spadotto,zspadotto2n@spotify.com,54 304 238 7762,Room 951,1.6,21,IT,"vI1{E#ePN""\8"
Kearney Gawith,kgawith2o@webeden.co.uk,86 792 120 9736,Suite 94,2.3,18,IT,yY8*aCPQ
Meggy Pittson,mpittson2p@istockphoto.com,222 841 914 3365,Apt 703,0.4,19,IT,"cS1,/}W2="
Caryl Girt,cgirt2q@desdev.cn,86 893 360 5744,PO Box 28386,2.3,15,IT,nV4>3#3FE}W`a
Welsh Bustard,wbustard2r@gov.uk,420 607 183 7873,Room 1127,0.4,17,Computer Science,"sI3`,oxvsY/>_s"
Swen Hammonds,shammonds2s@dmoz.org,55 493 411 9157,Apt 185,0.9,13,IT,nM4}_gSmI8_z
Fitzgerald Durning,fdurning2t@pinterest.com,64 245 618 8754,Suite 95,2.3,14,Computer Science,"oI8=y{Q,o`o~k>_2"
Maridel Drage,mdrage2u@ow.ly,46 597 795 6256,Apt 1213,1.8,14,IT,"aG8=""q#UVM%vMz/+"
Cedric MacTrustie,cmactrustie2v@cyberchimps.com,63 600 664 2694,Apt 923,1.2,21,Computer Science,wL1`5yE.
Issiah Mulliss,imulliss2w@abc.net.au,66 319 987 9427,Room 549,3.7,15,Computer Science,mE0##!F~.b7}C
Sam Pettett,spettett2x@rediff.com,7 194 225 7772,PO Box 29362,3.4,19,Computer Science,jU1|D{JbK_
Elliott Wild,ewild2y@answers.com,63 696 554 4513,Suite 94,0.3,18,IT,xS6<&j2!
Tatum Hovel,thovel2z@ed.gov,62 362 274 8563,6th Floor,3.4,15,Computer Science,"xR6@g%f""0"
Mickey Habbert,mhabbert30@weather.com,55 429 588 9659,Room 214,0.9,13,IT,"zC6$M1Kz""(1Y"
Batholomew Bruno,bbruno31@hibu.com,58 121 866 5692,3rd Floor,0.6,17,Computer Science,"cL7=U,7!S"
Jackqueline O'Duggan,joduggan32@si.edu,53 197 233 7933,PO Box 27449,2.5,18,Computer Science,nM1{i73T{lS@h
Deana Rosiello,drosiello33@qq.com,30 106 217 0879,3rd Floor,0,14,IT,rV2#A~eG!
Archibaldo Betteney,abetteney34@engadget.com,62 746 530 0363,Room 160,2,19,Computer Science,"sB2,JO&AL"
Jaymee Scheffel,jscheffel35@xing.com,86 338 722 5434,7th Floor,3.9,20,IT,pK3_<kj`F!
Cortney Oxenham,coxenham36@discuz.net,66 913 746 1922,15th Floor,1.6,18,IT,wP0|r)Q@OIH
Jerrilee Stokell,jstokell37@vinaora.com,62 372 154 2651,Room 996,1.9,18,IT,nU6@s<v?qkqt
Feodora Jepp,fjepp38@indiatimes.com,46 414 306 9085,Room 1875,1.5,14,IT,gW5'D`~A
Darrin Antcliffe,dantcliffe39@myspace.com,63 324 470 0338,Suite 67,1.7,12,Computer Science,mS0'Ey~/`Kr(=X
Peggy Egalton,pegalton3a@cloudflare.com,54 340 465 0994,15th Floor,2.9,14,Computer Science,aF4%0!hwq
Gwyn Comley,gcomley3b@naver.com,86 728 751 0910,Room 1465,3.3,14,Computer Science,"xM9&tWax$D,Il)s"
Sibley Dobrovolny,sdobrovolny3c@disqus.com,256 575 614 1697,Suite 48,0.8,15,Computer Science,yF5=$6O_I
Mannie Sodor,msodor3d@sitemeter.com,62 291 352 5769,Suite 54,0.5,17,Computer Science,"eX5`k'iT!,_+7k%"
Kelsey Chooter,kchooter3e@noaa.gov,86 755 943 4717,Apt 198,0.5,17,IT,qX3_E?Q@Z~Lnz
Arie Schimek,aschimek3f@fotki.com,46 374 212 0001,PO Box 71304,2.6,19,IT,tK1_GiyMA?55
Palmer Lutzmann,plutzmann3g@utexas.edu,7 512 397 9088,1st Floor,3.2,15,IT,bV8~US$T4oxT`C~
Sheena Fergusson,sfergusson3h@typepad.com,380 948 492 1337,Room 444,3.1,12,IT,jR8/VhO!Ij
Augustina Greenhead,agreenhead3i@free.fr,52 581 713 0932,PO Box 40306,0.1,21,Computer Science,oP9<TABOcV
Jerrome Gathercoal,jgathercoal3j@studiopress.com,7 405 672 8567,Room 621,2.9,12,IT,rQ6+oq}p\
Rab Snashall,rsnashall3k@oakley.com,238 620 507 6154,Room 1689,2.4,21,IT,qD5>)`n&
Eleonore Danielski,edanielski3l@instagram.com,48 473 997 8816,Apt 898,4.1,15,Computer Science,cY3@Pi#f<Q7pb
Celina Capelen,ccapelen3m@reverbnation.com,63 374 412 1169,PO Box 25774,2,14,Computer Science,"uV9""tm#J7J4&wQ$"
Ddene Brewers,dbrewers3n@wordpress.com,86 572 696 6943,Suite 48,3.1,14,IT,cE1~yKpZ`=}7
Steffi Nisuis,snisuis3o@123-reg.co.uk,994 579 286 7087,Room 433,0.2,19,Computer Science,eC7{wE.4Dr/55
Frederic Fosten,ffosten3p@tamu.edu,46 847 369 8788,PO Box 65063,4,14,Computer Science,sK9%lW.dtd0E
Leonerd Swigger,lswigger3q@free.fr,351 851 990 2074,11th Floor,3.9,21,IT,"zB3"".paMAu"
Justinn Sheivels,jsheivels3r@instagram.com,27 380 472 2427,PO Box 30759,0.9,17,IT,xM9&`WSil62~
Mercie Anthoine,manthoine3s@squidoo.com,52 511 821 4248,17th Floor,2.4,16,Computer Science,vM8<bwz|X\)
Llewellyn Guterson,lguterson3t@blinklist.com,228 954 950 7477,Suite 33,2.6,19,IT,"iS0=Z/K6*""RL"
Elizabet Pixton,epixton3u@google.ca,86 888 203 9322,Apt 1516,0.6,12,Computer Science,qQ2?1?WT&|ZWf
Valencia Summerson,vsummerson3v@hp.com,220 155 884 8563,Room 1177,3.4,12,IT,pF7&)d2vu
Consuelo Bruford,cbruford3w@ucoz.ru,7 962 408 9090,Room 440,3.7,13,IT,wW5&8|BNjH.I
Arabela Szantho,aszantho3x@prlog.org,385 678 813 1902,17th Floor,2.3,19,IT,"mM7,d.a{X1.k"
Erhart Braywood,ebraywood3y@pen.io,86 102 805 5462,Suite 50,1.5,15,Computer Science,wG0{b{2HB5H
Ethelbert Beamont,ebeamont3z@ask.com,1 626 585 9249,Suite 88,0.8,14,Computer Science,nX8@\HkS3s_
Glenn McQuorkel,gmcquorkel40@cafepress.com,249 600 679 9208,Room 1745,1.1,13,IT,wS6#7?@A?j`hf
Zola Brear,zbrear41@dyndns.org,48 615 129 1875,Suite 26,1,19,IT,sG9?u0836i6cmSDh
Alice Thaine,athaine42@google.es,57 358 453 2008,Room 1986,0.4,21,IT,"vU3,i~6Ty"
Edie Orro,eorro43@mediafire.com,52 466 494 8109,20th Floor,3.3,19,Computer Science,kI8@7$l{=>x1>0A=
Gard Eyes,geyes44@hc360.com,351 477 892 5710,Apt 1871,2,19,Computer Science,sR1<8jr@0/
Brunhilda Phin,bphin45@weather.com,66 429 673 5444,Apt 1721,2.6,18,Computer Science,yY7`tnrV9C
Howey Borman,hborman46@mozilla.com,62 517 501 1819,Apt 1596,1.1,14,IT,"wH9?,O&hQrP!31_c"
Bernetta Torfin,btorfin47@noaa.gov,386 241 701 9332,PO Box 45743,2.9,13,IT,tW8`Vl`a<n
Abigail Winson,awinson48@sciencedirect.com,234 181 471 6002,PO Box 60202,1.6,19,IT,kO8#nX~`
Charmion Osbaldstone,cosbaldstone49@t-online.de,234 485 731 7751,PO Box 41173,0.1,12,IT,sY3~~%PGxidZ
Tremayne Archdeckne,tarchdeckne4a@berkeley.edu,84 303 446 9313,Apt 223,1.9,17,IT,"oT6""?'57z"
Layla Barnish,lbarnish4b@instagram.com,1 693 188 8359,Apt 1989,3.6,16,IT,"sL2%9""jb<reK"
Flo Hannent,fhannent4c@google.com.br,86 348 372 4818,2nd Floor,0.1,19,IT,aW0!1?`h~|UN19U
Valene Chatin,vchatin4d@sfgate.com,1 516 532 3892,PO Box 79503,0.2,19,IT,kA9>9l!dV+px&BLu
Gracie Matteacci,gmatteacci4e@t.co,234 786 702 3446,PO Box 92072,3.2,21,Computer Science,iF4\Yb.tujb
Dicky Martyntsev,dmartyntsev4f@360.cn,62 687 243 6323,Room 1016,1.1,12,IT,fA2?~?o6Iavt%
Melodee Denington,mdenington4g@usnews.com,355 872 884 2405,Room 1264,3.1,17,IT,"iT7""WcVO""n"
Franciskus Crosser,fcrosser4h@examiner.com,55 835 853 0232,Apt 899,3.8,21,Computer Science,iZ3=Ge=%+nN}4Vr
Alisa Torricina,atorricina4i@dmoz.org,33 475 572 6773,11th Floor,2.7,18,Computer Science,tJ9`*7pY0+*5D
Otto Berrane,oberrane4j@webs.com,7 837 716 0678,Apt 1869,4.1,19,IT,"zP9""sUE_"
Blayne Btham,bbtham4k@alibaba.com,7 332 851 0012,Apt 1383,3.6,19,IT,oY7~YS?3&+W
Kevina Kindread,kkindread4l@bandcamp.com,86 231 769 7577,Room 520,2.2,17,Computer Science,uA1@m'Y/$O1sI
Matthieu Creevy,mcreevy4m@moonfruit.com,7 216 698 5940,Apt 1697,0.6,16,IT,"dN6)1FOu0""09QL"
Nicola Bladge,nbladge4n@elpais.com,55 515 562 3483,PO Box 57051,0.2,20,Computer Science,mA9}6$os'e
Babbette Jeffree,bjeffree4o@squidoo.com,506 240 631 1428,Suite 70,0.3,19,Computer Science,mR7_ibW<Fff|MY
Rennie Beelby,rbeelby4p@dmoz.org,27 360 377 1389,10th Floor,1.1,15,IT,sM4&3>8Gk#
Ellerey Asple,easple4q@webeden.co.uk,86 642 214 9416,13th Floor,1.5,20,Computer Science,xY6=GjmjB(b+Dx
Elinor Gley,egley4r@wordpress.org,7 128 597 7894,Apt 1560,1,16,Computer Science,xA1_w7k@SRGq+#3
Efren Clampton,eclampton4s@seesaa.net,94 674 829 6271,Suite 45,1.1,17,Computer Science,rZ9\\zuyOqsC
Augy Murton,amurton4t@smh.com.au,63 723 994 2725,Suite 88,4,14,Computer Science,"cX8,!6@x4w|b8f&"
Terri Tonepohl,ttonepohl4u@spotify.com,62 771 883 4572,Room 930,3.6,18,Computer Science,hT6#j9ksh}6
Andeee Hulett,ahulett4v@ocn.ne.jp,86 550 710 4485,16th Floor,1.3,13,IT,oG8+q_7=4'L
Horten McCleverty,hmccleverty4w@mashable.com,46 179 344 6105,Suite 98,1,15,IT,kJ2*nc!bA6nL$x
Ferd Ravenscroftt,fravenscroftt4x@ftc.gov,86 285 719 5680,Apt 332,2.3,12,IT,wV2~Sj+?9v
Eda Kinnar,ekinnar4y@salon.com,62 206 394 9462,19th Floor,2.1,19,Computer Science,uW6\0(yG=u'QSpRk
Natassia Thake,nthake4z@yahoo.co.jp,60 833 159 2817,PO Box 39735,0.8,15,Computer Science,oN7/QA7xuj!
Vasili Figgess,vfiggess50@google.co.uk,86 799 881 8297,Room 1139,2.3,18,Computer Science,gZ8*Rl~T6zD9o5
Yolande Pointing,ypointing51@smugmug.com,48 685 734 2270,Room 1336,2.1,12,IT,aW5$iaHXH)69C
Marietta Child,mchild52@storify.com,351 794 662 2233,Apt 1498,3.6,18,IT,"xT7_am\|~,F"
Marleen Tidcomb,mtidcomb53@ftc.gov,351 801 472 1871,PO Box 46621,4,16,Computer Science,"mE0?\f`ch?D9)""u"
Wainwright Soppeth,wsoppeth54@sciencedaily.com,33 418 550 2498,7th Floor,2.7,15,Computer Science,cZ8?AA`$`\$d
Husain Petti,hpetti55@angelfire.com,420 958 137 0482,18th Floor,3.9,18,IT,bF6?mED='H?u1.
Harwell Drackford,hdrackford56@telegraph.co.uk,1 571 248 3943,Apt 1083,1.9,19,IT,qE2+8EW+C
Joseph McClements,jmcclements57@mysql.com,46 856 287 0629,PO Box 1237,2.8,21,Computer Science,vC2\X@kHv}eCI_Dn
Elnar Itzcovichch,eitzcovichch58@naver.com,86 228 905 8674,20th Floor,3.6,13,IT,sV6+escuAb19bG
Joelynn Redd,jredd59@google.nl,55 961 655 6829,Suite 17,2.9,16,Computer Science,wM7.*AV&&C
Birdie Sibbering,bsibbering5a@mapy.cz,51 561 219 1632,Room 824,3.6,16,Computer Science,"wX3(k6g{"""
Cynde Riehm,criehm5b@mtv.com,84 131 364 6296,PO Box 48123,0.9,15,Computer Science,oI3~B9F1RZ}
Lindy Wrettum,lwrettum5c@jigsy.com,81 203 243 9827,Apt 566,2.4,17,IT,"nE4""Ls#|"
Artie Butterfill,abutterfill5d@adobe.com,998 362 210 5223,Suite 12,2.8,18,Computer Science,qK1#wqY#M(yp
Westbrook Cassidy,wcassidy5e@biblegateway.com,55 532 260 7525,Room 1772,4,17,IT,yU0_Ul<9.6fA#
Yule Reape,yreape5f@microsoft.com,81 921 293 1297,PO Box 29735,1.1,16,IT,mZ7`HJw7vjbN*tY
Sterling Harrhy,sharrhy5g@tuttocitta.it,66 534 359 9375,16th Floor,3.8,20,IT,cP8}3}`8Lm
Phyllis Deshorts,pdeshorts5h@cisco.com,48 320 802 3050,8th Floor,2.4,15,Computer Science,"dW3`'~pfLs""P"
Ardra Sambals,asambals5i@yahoo.co.jp,63 612 537 0539,PO Box 20890,3.2,16,IT,fP3>}M$g
Kaine Norledge,knorledge5j@artisteer.com,62 803 978 2843,Apt 931,0.4,16,Computer Science,rS8>W~kt$z0/qb>
Jimmie Spadari,jspadari5k@barnesandnoble.com,420 885 596 7430,Suite 70,2.5,16,IT,uB2)Wz)\/
Rina Pothbury,rpothbury5l@t-online.de,86 419 392 8081,7th Floor,0.5,18,IT,pE0)%&}w#>g&K=#3
Marijo Redding,mredding5m@pcworld.com,86 959 358 2921,Room 1376,3.1,19,Computer Science,zC7+JA(MWw399~A
Florencia McIlwaine,fmcilwaine5n@google.com.hk,54 130 556 0761,Apt 1998,1.3,12,Computer Science,bH9}$MRi
Margaretta Somerfield,msomerfield5o@posterous.com,970 935 436 8130,PO Box 4208,1.2,14,IT,"cH7}b=+#,u$/'<"
Rosene Tilt,rtilt5p@unesco.org,7 658 196 4296,Apt 455,3.9,15,IT,pM9|`||N<(lzN
Chickie Charpin,ccharpin5q@ezinearticles.com,46 153 912 2410,Suite 10,3.6,17,IT,fC0`oQNX}5%uM
Jaynell Costigan,jcostigan5r@dyndns.org,86 151 429 5191,Apt 738,0.6,16,IT,cD8=wJU9q
Rufe Phillp,rphillp5s@sbwire.com,7 777 505 6265,PO Box 9401,2.1,16,Computer Science,tX5+o`ZYaJ
Shannah Pennicard,spennicard5t@dedecms.com,46 159 464 1433,PO Box 43391,2.4,13,Computer Science,zH2.$f_am&?A`T/
Dell Cracker,dcracker5u@cafepress.com,46 681 387 5276,PO Box 41646,2.3,18,Computer Science,zO9+NrEBD0$hy5r
Erastus Tadgell,etadgell5v@psu.edu,57 964 404 7552,Apt 658,1.7,17,Computer Science,"sS8""41~T7v(%Y="
Joscelin D'Ugo,jdugo5w@opera.com,86 732 914 8293,Suite 60,1,12,IT,zS8~e./kd@{3m
Page Dunster,pdunster5x@flickr.com,57 401 710 2747,Room 971,0.5,19,Computer Science,bK3_(b>>.OD_r
Sheffie Aleveque,saleveque5y@163.com,7 949 662 2491,Apt 575,3.8,20,IT,rY4/S+9Y5X.
Leupold Holby,lholby5z@chronoengine.com,51 998 946 5441,3rd Floor,0.7,17,IT,vC0<?}H%
Sully Leadbeatter,sleadbeatter60@ebay.com,353 312 322 6090,19th Floor,1.5,15,IT,"hD0(,ySA>h"
Alika Armstrong,aarmstrong61@cpanel.net,62 405 443 0337,19th Floor,0,21,Computer Science,"uB5,IW\W8&,sS"
Roman Mattea,rmattea62@theguardian.com,30 666 391 2135,PO Box 71383,3.8,16,Computer Science,"pP5+hmQW*\(>"""
Ephrem Tittershill,etittershill63@google.com.hk,48 883 328 9366,Room 1038,0.5,16,Computer Science,pK0`Q=|Sw
Jehanna Bazek,jbazek64@so-net.ne.jp,86 260 392 4067,Apt 660,2.8,18,Computer Science,mY1>|N>5qu?wOfxX
Wynn Deave,wdeave65@deliciousdays.com,678 799 605 5918,Room 845,2.1,16,Computer Science,lD3#s#puFi
Ossie Rowden,orowden66@comsenz.com,98 144 830 1746,4th Floor,3.2,17,Computer Science,zO1>K~5#*r~<
Frayda Fernehough,ffernehough67@nbcnews.com,81 587 155 8253,PO Box 56125,1.6,12,Computer Science,kM8&<RJboX
Gertruda Kellaway,gkellaway68@altervista.org,7 288 722 5553,Apt 604,2.3,21,IT,oS6\J$hJB9G
Sheree Kennifeck,skennifeck69@mashable.com,33 179 765 8259,PO Box 16286,2,15,Computer Science,lJ5~q&Vb0\
Andonis Haacker,ahaacker6a@ca.gov,507 795 960 8462,Room 488,0.3,16,Computer Science,hO2)JB@SpYXB
Esdras Hollow,ehollow6b@com.com,1 858 612 2541,PO Box 17167,1.5,17,Computer Science,bT1_+7BJve(n+
Morris Segeswoeth,msegeswoeth6c@tripadvisor.com,1 128 471 7816,Room 730,3.6,17,Computer Science,"kA4,'>%aG=BoR,"
Sheffield Howood,showood6d@aol.com,62 101 509 2030,Suite 28,1,16,Computer Science,dS4$S6+4Mj4t7EEm
Egan Whitmore,ewhitmore6e@hatena.ne.jp,86 959 440 6605,12th Floor,2.5,17,IT,lJ4{%vduZjel
Cchaddie Radbond,cradbond6f@comsenz.com,46 908 239 1731,Apt 1476,3.1,14,Computer Science,"vE5*meG,>C@Pa"
Constanta Ruston,cruston6g@redcross.org,27 141 194 7442,PO Box 74653,0.6,13,Computer Science,oR2.AuUUj?O
Krishna Vinau,kvinau6h@chron.com,86 731 655 2002,Room 721,1.3,12,IT,"wD2?U""pry!q{"""
Nicoline Garrard,ngarrard6i@4shared.com,351 527 540 7014,Room 1440,2.3,14,Computer Science,"nG4+@""NdShmUm}j"
Cherida Godier,cgodier6j@dropbox.com,1 683 892 5221,3rd Floor,0.3,14,Computer Science,"jV1$Y'T5CC!""tya"
Lucais Patley,lpatley6k@whitehouse.gov,55 598 546 6728,Apt 1300,0.5,17,Computer Science,rS4%C0wI?U8?eG2
Paloma Dagon,pdagon6l@latimes.com,86 762 294 8758,PO Box 16670,2.3,12,Computer Science,uC8|1w$'
Agnella Caddock,acaddock6m@time.com,55 575 310 6007,2nd Floor,3.4,14,IT,"hB3'Iq5""=2b)Q/S1"
Delmer Curtois,dcurtois6n@tripadvisor.com,86 228 703 6256,PO Box 3144,2.2,14,Computer Science,qR8/oxr=+P~I!
Carver Gaiford,cgaiford6o@blogtalkradio.com,63 268 140 1541,Suite 75,0.1,18,IT,iV8&U#9N~id7
Thorin Adolthine,tadolthine6p@irs.gov,1 834 364 4091,2nd Floor,1.3,14,IT,yC1'm{R+Wd?>)MX
Hirsch Delue,hdelue6q@multiply.com,355 732 987 8857,PO Box 5258,0.4,17,IT,xD9}>+Ei\n0H5#T
Doralyn Jimmison,djimmison6r@ebay.com,976 405 468 4579,PO Box 78800,2.8,17,Computer Science,"iY7,F=4v@&)8)"
Eugine Heath,eheath6s@princeton.edu,7 333 441 6135,16th Floor,0.2,14,IT,dA5}/vaP{th?)!g0
Tiertza Drogan,tdrogan6t@yale.edu,86 681 746 9772,Suite 40,0.2,18,IT,sP4}Yxy8@gPF>
Jarib Munehay,jmunehay6u@etsy.com,380 398 133 1977,Suite 67,3,13,Computer Science,lQ9*`kzoR0Ls8YO
Xever Kersaw,xkersaw6v@google.co.jp,62 617 261 8831,17th Floor,0.8,12,IT,fP4|ik}U_
Arnie Jameson,ajameson6w@deviantart.com,53 151 856 7075,Suite 46,1.1,14,IT,"pG9*mhf!%k,"
Tobe Cockitt,tcockitt6x@google.it,86 610 438 0118,Room 1326,0.5,17,Computer Science,xO6'C<eo}X2{)%K
Ly Reddings,lreddings6y@smh.com.au,63 145 336 9974,PO Box 38903,0.7,14,Computer Science,dK4~Ky4+''1KMCW
Harmon Gittings,hgittings6z@gov.uk,52 744 347 0574,Apt 1929,2.7,17,IT,pA8)7gl5<Ud
Iris Pooke,ipooke70@symantec.com,48 190 370 6515,Room 506,2.3,16,IT,rS2&+R=/6mb
Atalanta Blethin,ablethin71@sciencedaily.com,48 376 155 4614,4th Floor,1.9,19,Computer Science,jZ4|tuRhkqlaqm
Steffi Poel,spoel72@elpais.com,351 285 618 3650,12th Floor,1.5,19,IT,tF1*L6EeWmW`CDZH
Aloise Farnill,afarnill73@etsy.com,7 835 554 9241,7th Floor,0.7,21,Computer Science,iZ5>&j%ziG
Derrick Baxter,dbaxter74@google.de,86 524 623 5941,13th Floor,2.2,20,Computer Science,bA7|A'y7{.1)C
Marice Litchfield,mlitchfield75@altervista.org,675 836 911 4690,Suite 12,3.8,18,IT,uL4$g/+51M
Aldon Currey,acurrey76@apache.org,62 555 626 7769,Apt 232,3.4,21,IT,dR2!~FOk*>kdy
Kathi Pallis,kpallis77@ustream.tv,81 726 340 9925,Suite 83,1.9,17,Computer Science,tQ9'=}+ch\ihLzx
Forester Cowoppe,fcowoppe78@npr.org,55 758 786 1529,Apt 866,3.1,16,Computer Science,"cO9|m{wY,"
Ezequiel Mountney,emountney79@yahoo.com,420 155 183 3780,Room 1550,2.7,12,IT,vM2?8(Bb@I
Drona Cardall,dcardall7a@nydailynews.com,93 551 973 1095,PO Box 20965,2.8,13,IT,zI5%<o{z
Tad Ainsworth,tainsworth7b@blogspot.com,86 967 984 8647,Apt 1457,2,12,IT,yO0}&cAq1DOYt
Theresita Farbrother,tfarbrother7c@behance.net,998 558 792 0867,Suite 82,4,15,IT,"lO6/`!,CFgcPB@"
Pernell Kopje,pkopje7d@mozilla.org,86 977 209 4565,3rd Floor,1.5,20,Computer Science,qR8~{T~)
Tonya Cay,tcay7e@xrea.com,52 590 404 1487,Room 1560,1.1,13,IT,xY4&`pFlc9JFo!
Marji Abbet,mabbet7f@google.nl,60 217 725 0153,Suite 47,4.1,20,Computer Science,qR0@=&_@YP
Zara Dikle,zdikle7g@arizona.edu,55 301 141 1273,Suite 18,3.5,19,Computer Science,dQ8_!#U!Q$Pf~
Vidovik Mathivon,vmathivon7h@go.com,351 569 663 9290,Suite 91,3.2,14,IT,nX0$5`2%MN
Alvie Kreuzer,akreuzer7i@ftc.gov,258 960 320 6980,Room 1340,0.2,14,Computer Science,jA4+IDRn}Nh
Brig Bedminster,bbedminster7j@cornell.edu,212 294 805 1032,Suite 33,1.9,17,Computer Science,nI1=<rEtwP$
Malynda Duxbury,mduxbury7k@dion.ne.jp,86 233 751 3416,PO Box 6722,1.2,19,IT,"aU9""F_lonj$c"
Mychal Causley,mcausley7l@oakley.com,351 977 278 0272,8th Floor,2.4,20,IT,wJ8/#d4yF!5(AxRY
Perice Garrish,pgarrish7m@homestead.com,66 978 123 4144,PO Box 20802,3.5,12,Computer Science,"lI5,zf$Ck2"
Ellis Wrathmall,ewrathmall7n@zdnet.com,86 366 680 2270,Room 1258,1.5,20,Computer Science,cT9\'9vPt
Sonya Rosendale,srosendale7o@cdbaby.com,353 841 429 9069,Apt 705,1.8,15,Computer Science,"lV0,&0}tUaG"
Jocelyne Courtes,jcourtes7p@foxnews.com,358 559 154 5443,Suite 11,0.3,13,IT,dY8!z<LFK
Major Yurchishin,myurchishin7q@bandcamp.com,66 561 272 8933,PO Box 52899,1.2,20,IT,zB5_\}+G(|zOqhE
Sibeal Crossingham,scrossingham7r@dailymail.co.uk,351 765 559 5640,Apt 497,0.3,20,Computer Science,vF0*T6{nT56M
Debora Dudny,ddudny7s@nyu.edu,92 739 851 1652,PO Box 61923,3.4,12,IT,zY8%?bD#(EJwL
Gilles Ternault,gternault7t@washingtonpost.com,251 360 771 4482,5th Floor,2.5,21,IT,wR4~L9Ksi
Ashlen Zanelli,azanelli7u@feedburner.com,84 972 144 6568,Apt 196,4,13,IT,eL7'Et.\!P
Kiley Nowick,knowick7v@trellian.com,39 419 528 6338,1st Floor,2.1,16,Computer Science,"aM0@N~Uz)ewRG,#I"
Judie Franciotti,jfranciotti7w@people.com.cn,63 741 368 7533,Apt 304,0.3,14,IT,zW5@1qQ=6d~
Cesare Espinel,cespinel7x@blogs.com,7 584 150 3485,Room 1557,3.3,16,IT,vS2`aZawgLG
Rip Coneron,rconeron7y@twitpic.com,55 371 385 5620,2nd Floor,1.6,12,IT,eH4.>#!gq!X|4
Reggie Winch,rwinch7z@weibo.com,254 211 691 7754,PO Box 71332,3.7,18,IT,vO2~.Kxn4lg#d9=
Menard Markham,mmarkham80@google.co.jp,86 416 297 1494,Apt 51,0.4,20,IT,aN1{MSr@~y
Karleen Pina,kpina81@odnoklassniki.ru,62 638 686 5687,9th Floor,1.8,20,IT,cK3/y!c36$5{PdG*
Jonas Mighele,jmighele82@cmu.edu,234 855 558 3331,Apt 557,3.6,19,Computer Science,jQ6#=+_!.0GE2B
Neille Giffard,ngiffard83@tinypic.com,1 312 323 6839,Room 1166,0.9,14,Computer Science,"fY8?oOTd(G)mJCS,"
Cristine Brounfield,cbrounfield84@drupal.org,86 929 781 7633,Suite 66,1.1,13,Computer Science,pP9+d+Tvz3
Reider Pohls,rpohls85@wunderground.com,86 678 105 1452,Apt 20,2.7,19,IT,oJ0`5dX){r<
Esmeralda Daulton,edaulton86@1688.com,7 786 796 1956,Room 840,2.1,15,Computer Science,"fW1*""D~4z""u"
Farr Berkely,fberkely87@jimdo.com,62 251 105 7429,PO Box 29799,1,18,IT,iR3#ka?PMSXF1*r
Parsifal Yeates,pyeates88@scientificamerican.com,62 783 371 6309,Room 731,3.6,14,IT,oW5<*AimQ9
Catina Bellworthy,cbellworthy89@t-online.de,61 377 192 3868,15th Floor,3.9,14,IT,"vS3%!eMbn*B}""_2O"
Dolorita Stefanovic,dstefanovic8a@china.com.cn,62 753 341 2586,Apt 1711,3.9,18,Computer Science,fB6.ne{uy'~a
Dickie Purbrick,dpurbrick8b@wikimedia.org,46 839 268 5966,20th Floor,1.7,14,Computer Science,"tL3*'eJjrRwTK5/,"
Martha Fry,mfry8c@ehow.com,381 845 647 9992,PO Box 68033,1.3,19,IT,"bZ8""iX1PjBIH"
Darcy Hyndes,dhyndes8d@telegraph.co.uk,33 171 591 2899,Apt 374,0.6,19,IT,eU6&#o<qA
Jamima Stenson,jstenson8e@gmpg.org,48 961 143 3925,PO Box 46006,3.6,12,IT,nB3?1NR{bBoH1w
Leonanie Umney,lumney8f@china.com.cn,86 640 961 9394,Suite 67,2.8,12,IT,kX1}wzRi
Taryn Dictus,tdictus8g@shareasale.com,46 717 861 8932,Suite 86,2,19,IT,"wE5'z""wvCrT"
Tamera Goomes,tgoomes8h@theglobeandmail.com,675 204 831 7187,Apt 1321,3.4,12,IT,"lH2,n?L2gAYBmQ\"
Gerty Gerrens,ggerrens8i@last.fm,55 170 312 8620,Apt 1808,1.5,17,IT,bB9&QKUTL
Kirsti Haycox,khaycox8j@java.com,62 676 391 7592,Apt 1501,0.6,16,Computer Science,zM6/Qt!nb
Darren Nassey,dnassey8k@ocn.ne.jp,62 296 150 8617,Suite 93,0.1,20,Computer Science,qE4|=co7B}
Itch Andrez,iandrez8l@wisc.edu,54 865 134 8764,Apt 1784,1.4,16,IT,gH9'7$+_ndQ
Aubry Pyett,apyett8m@microsoft.com,7 520 881 8735,Suite 35,3.1,12,Computer Science,"sL2,/{kCyo1GNHA"
Emmerich Ciani,eciani8n@npr.org,62 783 121 0998,Room 500,3.1,18,IT,zX8>'V>BJwQ
Emmie Gerrit,egerrit8o@diigo.com,52 841 604 4355,Room 569,3.1,20,Computer Science,"vM0?Qi,()L6/"
Carin Loweth,cloweth8p@feedburner.com,30 974 757 5202,Apt 775,1.7,17,IT,iJ2{rx&HjwxX.
Bowie Stavers,bstavers8q@eventbrite.com,967 701 494 9561,Suite 80,3.7,15,Computer Science,aJ5#Q|}'?=X)o!O'
August Duncklee,aduncklee8r@unicef.org,63 494 586 3945,PO Box 26718,3.9,15,Computer Science,"qQ7=`D>.""fx"
Jimmy Eastcott,jeastcott8s@edublogs.org,86 878 215 0045,Apt 1205,3,16,Computer Science,qT1<5Ri~_k4@~
Marice Simms,msimms8t@chronoengine.com,507 491 570 2830,Room 656,2.7,15,IT,uD4.!0\'>Gh
Noe Wooding,nwooding8u@cloudflare.com,63 423 352 1863,Apt 1262,3.7,21,Computer Science,"gQ1>w`,<MkCggFI"
Adolphus Fursse,afursse8v@123-reg.co.uk,48 383 333 0116,Room 254,0.6,19,Computer Science,uJ8&IqQC
Florrie Champerlen,fchamperlen8w@harvard.edu,58 248 398 9873,5th Floor,2.4,18,IT,iE0|=rum+A
Matti Eayres,meayres8x@parallels.com,84 284 218 8010,11th Floor,2.6,20,IT,"jZ2<d\2,Tumw"
Bunny Poveleye,bpoveleye8y@csmonitor.com,62 719 923 6710,20th Floor,2.2,15,Computer Science,xU9(#FWA'K(
Hamilton Sale,hsale8z@printfriendly.com,57 616 231 3640,17th Floor,2.1,19,IT,dT5*sT1u.j
Andree Chrisp,achrisp90@foxnews.com,63 470 718 5482,1st Floor,2.4,12,Computer Science,rS4+0j}r
Mercie Tunn,mtunn91@last.fm,351 813 447 9609,Suite 1,0.4,13,Computer Science,gA6=7{C|
Lanie Stonebanks,lstonebanks92@wired.com,62 202 263 9829,16th Floor,0.1,15,IT,kW8$FBW=&wmgG
Bryn Huckett,bhuckett93@opera.com,46 660 248 4684,18th Floor,3.7,16,IT,dV1%u_'~6f)e4>/
Cassandre Prendergrass,cprendergrass94@linkedin.com,86 939 260 9982,Room 416,1.5,15,IT,sZ5.#*Tnj
Rivy Kevern,rkevern95@tamu.edu,86 881 970 8393,Suite 96,3.6,19,Computer Science,"aO1""9aW?nie"
Lynnet Bensen,lbensen96@latimes.com,7 386 572 5791,Suite 9,2.9,13,Computer Science,"nJ7%`M,n,/zTR"
Celeste Redrup,credrup97@comcast.net,63 309 520 1712,8th Floor,2.1,15,IT,oD4~gdh$c
Angele Van,avan98@google.com.au,33 572 959 8954,Suite 27,0.2,19,Computer Science,aT0|g6max)gUse
Helyn Dignan,hdignan99@wix.com,220 997 643 9977,Apt 490,3.9,20,Computer Science,qF6.HD6Mseh
Remy Josephs,rjosephs9a@goodreads.com,216 278 635 0687,Suite 57,4.2,12,Computer Science,kV4@Uh=}P
Karna Dottrell,kdottrell9b@census.gov,86 190 787 5655,PO Box 80082,2.8,17,IT,"oN0""zz7n&jLb(.lo"
Gare Baly,gbaly9c@devhub.com,33 799 629 3851,2nd Floor,2.9,12,IT,"jY3\k5Ne5qag5,"
Barnett Dumsday,bdumsday9d@delicious.com,46 329 108 8267,Room 265,3,17,Computer Science,mK4\egs3pNC
Brittani Tathacott,btathacott9e@shareasale.com,420 602 686 9424,14th Floor,0.4,16,Computer Science,wQ1|D%O<2l2
Honoria Enoksson,henoksson9f@mashable.com,63 433 609 1600,PO Box 68908,0.1,16,Computer Science,tV7?1qoPg0
Dominga Frowen,dfrowen9g@reference.com,351 290 245 5024,11th Floor,1.2,21,IT,nB8@'XuUJ$2e{
Susanetta Heggison,sheggison9h@wp.com,86 839 586 4180,Suite 41,1.8,19,Computer Science,wV0/#~J5+}u4!
Emili Fluger,efluger9i@usa.gov,51 185 162 9834,PO Box 582,0.9,21,Computer Science,gF4~A3sV
Josias Shevelin,jshevelin9j@theguardian.com,45 783 265 8486,Apt 798,0.7,19,Computer Science,sT7@nu9d5qUf3
Orville Stathor,ostathor9k@bloomberg.com,63 856 906 3012,Room 1511,3.6,20,IT,dQ0+wf$Sr
Alejoa MacPhee,amacphee9l@cpanel.net,355 226 975 9299,Room 930,0,19,Computer Science,mQ4*@z!#pwHX
Zachery Greig,zgreig9m@intel.com,351 820 158 6751,Apt 116,3.8,21,Computer Science,rU3.'KPFcN_y{
Weylin Doran,wdoran9n@technorati.com,1 203 454 2715,Room 868,2.6,21,IT,fT6+PFF*{
Rodi Uglow,ruglow9o@hostgator.com,86 496 608 2869,PO Box 30590,3.2,16,IT,yN4{\cU$$crzHE
Althea Goodboddy,agoodboddy9p@chron.com,223 375 624 4120,Apt 1795,1.9,16,IT,gO0{wGZhe
Artemus Plackstone,aplackstone9q@addtoany.com,46 623 338 7451,8th Floor,4,13,Computer Science,xA5?bsZ0
Lolita Chadwick,lchadwick9r@theglobeandmail.com,420 106 636 6760,5th Floor,0.2,12,IT,iW1>UFxQv4B
Felisha Smalles,fsmalles9s@opera.com,62 179 876 9030,PO Box 96974,1.9,21,Computer Science,tN0/xzeSWuK
Calvin Ferne,cferne9t@reverbnation.com,60 286 902 5582,Apt 116,0.3,20,Computer Science,cI7}8ufH
Audie Niccolls,aniccolls9u@nationalgeographic.com,48 615 144 4079,PO Box 23192,2.5,20,Computer Science,oL3/|!irgA
Morgen Allwood,mallwood9v@de.vu,351 348 317 7962,Apt 1661,0.9,16,IT,gK2$o2*#h2lkd`e
Taryn Kivelhan,tkivelhan9w@parallels.com,46 527 262 2923,Suite 78,3,20,IT,aS4*+c>x
Aila Hawkeswood,ahawkeswood9x@opensource.org,86 809 956 7168,Room 1606,3.7,17,Computer Science,pZ3$52phZu
Odo Staden,ostaden9y@globo.com,971 551 300 5682,Suite 9,2.1,16,Computer Science,"lM9""c(W|Le"
Fons O'Keenan,fokeenan9z@free.fr,62 141 837 9671,7th Floor,3.6,17,Computer Science,"yW8'""fsM@"
Talbot Slainey,tslaineya0@skype.com,268 760 486 1225,20th Floor,1.3,15,IT,sE6$?u#/(kY4#v
Kim Chazette,kchazettea1@yolasite.com,7 111 834 2041,17th Floor,0.4,18,IT,"aC9%?e0,1!4"
Vivienne Gayler,vgaylera2@freewebs.com,86 549 836 6417,Apt 409,2.7,21,Computer Science,vM2>G.._
Druci Huxster,dhuxstera3@baidu.com,98 524 892 7267,Apt 1118,3.1,13,IT,eV1*ysXe@uCPwX
Beth Vinnick,bvinnicka4@si.edu,86 652 561 5893,3rd Floor,0.4,14,Computer Science,"uX0.|,h!'CnC~(U2"
Pat Brugden,pbrugdena5@wisc.edu,375 181 185 5708,Apt 1396,0.1,20,Computer Science,nF5/l1*_hhI
Hayley Have,hhavea6@ask.com,33 308 291 8909,Room 1933,4,19,Computer Science,kK4@lmW`
Tait Fuzzard,tfuzzarda7@ucla.edu,33 575 120 2714,Apt 1373,3.2,17,Computer Science,"nM3/ynW{T""FlRK`"
Paulo Druery,pdruerya8@homestead.com,351 790 130 3971,11th Floor,1.7,13,IT,xP2}eL1Y$CK!c`
Freddie Brosio,fbrosioa9@slideshare.net,55 644 468 4888,Suite 92,3.6,18,Computer Science,"wR2,kCim@'sbtaJ"
Udell Corrett,ucorrettaa@google.co.uk,355 970 500 6762,Room 345,2.4,18,IT,"uQ3""5>?_DxsBn$x"
Lesley Gatcliff,lgatcliffab@flickr.com,48 496 310 4044,Suite 37,0.3,14,Computer Science,iT7*SxnsC.*E
Gram Satteford,gsattefordac@fda.gov,355 761 695 8935,Suite 80,1.6,20,Computer Science,"kI9""\GRTc1H"
Bay Campes,bcampesad@yolasite.com,7 173 758 7711,Room 1557,2,18,IT,wL5}nQ6('~
Hansiain Dukelow,hdukelowae@multiply.com,46 217 710 2932,PO Box 1425,2,15,Computer Science,sY0$RzL=X
Jordan La Padula,jlaaf@1und1.de,1 106 756 7928,Apt 1544,3.9,16,IT,zC1\m*o{uSi
Bartolomeo Etty,bettyag@spiegel.de,1 873 216 4923,Room 1945,1.2,15,IT,xD8)`KzQ16O`
Sloane Arundale,sarundaleah@bizjournals.com,86 411 868 5523,PO Box 85559,3.3,19,Computer Science,hE2)S{?so
Sidonnie Benner,sbennerai@yellowbook.com,48 405 442 7851,PO Box 10401,1.7,21,Computer Science,kX2%YA7PvGu9G{L
Moll Rubes,mrubesaj@bluehost.com,62 950 404 1478,Apt 987,3.1,13,IT,qJ9.WPe1x2cmA*y
Ulrika Mulholland,umulhollandak@omniture.com,234 687 262 3894,2nd Floor,3.8,13,IT,bA4#TXlCiHE2s7
Sherm Ferrarone,sferraroneal@boston.com,62 861 679 3328,PO Box 59385,4.1,14,Computer Science,xO4<=LU)057z
Valentin Hubback,vhubbackam@yellowpages.com,966 666 950 3685,Apt 781,2.6,17,Computer Science,nD2*GK.\Bz(7/'e<
Lenette Oakenford,loakenfordan@homestead.com,86 592 339 8639,Room 923,1.5,21,Computer Science,lL0!4m1=*#\P
Anet Buckle,abuckleao@exblog.jp,256 783 418 2220,8th Floor,1.7,20,Computer Science,"pX6@zChI}8""kqE"
Mart Tuff,mtuffap@posterous.com,62 994 379 4899,Room 1733,0.3,13,Computer Science,oW8=!aK!5H>U
Burr Brompton,bbromptonaq@360.cn,55 445 822 0267,4th Floor,3.5,18,IT,rN8$#DYd%
Belita Moors,bmoorsar@is.gd,503 848 515 4352,4th Floor,3.9,20,Computer Science,"sI3'BAGQdO,!e"
Nico Awmack,nawmackas@biglobe.ne.jp,7 236 729 8866,18th Floor,2.8,17,IT,iM5|U)FaaCfq$
Griffith Antos,gantosat@scribd.com,93 873 127 8690,19th Floor,4.1,21,Computer Science,xR9=.RgEr\$R6|a(
Hermie Ives,hivesau@amazonaws.com,33 619 122 9028,PO Box 50023,4.1,15,IT,"vP2?b""`g~hX>.5."
Temp Tomlins,ttomlinsav@hp.com,48 767 992 6523,Apt 144,3.3,14,Computer Science,xR2.O$ce
Lulita Matuszynski,lmatuszynskiaw@bloglovin.com,54 987 464 5396,Suite 97,4.1,18,IT,"zP3""Bf+a!2"
Marve Tawton,mtawtonax@chron.com,86 890 368 0111,15th Floor,0.5,18,Computer Science,eE6`!Zw/@aND
Loydie Kays,lkaysay@irs.gov,66 662 259 2468,PO Box 23826,1.1,16,IT,vA9{>`7)}KysY
Ferdinanda Simoni,fsimoniaz@disqus.com,57 707 513 2091,Suite 13,3.4,16,IT,uK1'w.I}tK%
Philip Harry,pharryb0@dailymail.co.uk,63 652 620 7441,Apt 164,3.9,14,Computer Science,uK1\%Bh>fc
Carmita Fallow,cfallowb1@w3.org,261 615 878 7117,12th Floor,0.3,20,Computer Science,bX1#l}Mk?l/p+gZ)
Husain Gateman,hgatemanb2@tamu.edu,58 878 576 1688,Room 1061,1.2,18,IT,"eN8#u}@6(vv\""n"
Cordell Dagless,cdaglessb3@technorati.com,48 668 111 7376,17th Floor,0.5,18,IT,kX6!D(~N4@
Guillermo Dannohl,gdannohlb4@quantcast.com,86 617 880 2769,Room 1531,0.2,21,IT,"lH1!$0,v"""
Atlanta Greensitt,agreensittb5@admin.ch,86 904 202 7771,Room 1791,0.8,19,Computer Science,yE6_=Rurf1na
Eben Engelbrecht,eengelbrechtb6@naver.com,1 934 104 8466,10th Floor,0.1,18,Computer Science,gX5~fB<m
Angelo Scurrell,ascurrellb7@xinhuanet.com,509 221 589 3025,Room 6,0.4,18,IT,kB3{!2.UR.0k*4
Juan Wrench,jwrenchb8@geocities.jp,62 343 322 2687,PO Box 54946,1.3,18,Computer Science,qG4*D.W~NxFb'i/
Adey Baldack,abaldackb9@technorati.com,55 709 613 8200,Suite 65,3.4,15,Computer Science,dF1<KOuDRT6PjQ\0
Logan Condict,lcondictba@domainmarket.com,57 154 393 4181,Apt 259,2.7,19,Computer Science,"zD8+86""5f||Fj"
Davita Wittier,dwittierbb@domainmarket.com,54 556 536 4013,Room 1264,3.8,18,Computer Science,cT2/<<U=e4a
Atalanta Simmings,asimmingsbc@upenn.edu,352 305 667 6307,PO Box 13163,0.2,20,IT,"rN7*#_o3f,Jct"
Karen Chant,kchantbd@pagesperso-orange.fr,86 860 346 0388,18th Floor,3.9,17,Computer Science,uG4*Pqp4
Korey Bidgood,kbidgoodbe@youtu.be,86 170 884 8499,Apt 409,1.8,16,Computer Science,qN6#&WHYw8W/il
Chrissy MacKissack,cmackissackbf@networkadvertising.org,51 984 452 6878,Apt 1117,1.8,21,Computer Science,kH7(Gw\=wg
Petunia Scopham,pscophambg@youku.com,234 798 920 9742,14th Floor,3.9,16,Computer Science,gW6*i{*T/
Halie Beardow,hbeardowbh@xing.com,374 463 499 4662,Suite 54,3.4,17,IT,vB3<eL|%T>OdiN<$
Charles O'Farrell,cofarrellbi@mlb.com,62 398 543 6706,Suite 92,2.6,15,Computer Science,aA0)rdvE{4>Q{$Gc
Ron Loding,rlodingbj@delicious.com,381 660 408 5079,PO Box 15071,1.8,16,Computer Science,"bW1>SK4<J&""Wm"
Julia Desvignes,jdesvignesbk@wix.com,373 712 729 6949,3rd Floor,3.7,19,IT,wP2}$MXupr
Gerhard Stains,gstainsbl@spiegel.de,63 515 620 6651,Suite 43,1.3,13,IT,lZ6&%J%W9*`lYG
Waldemar Jedrysik,wjedrysikbm@examiner.com,34 945 125 2638,7th Floor,0.9,17,Computer Science,"yY6=UpC*d(""4}4J`"
Pail Dimnage,pdimnagebn@bravesites.com,86 169 645 6602,12th Floor,1.6,19,IT,fA4&Ix(GV7pA*s9
Collen Galton,cgaltonbo@example.com,86 539 655 3597,Apt 917,3.5,21,IT,rS4#OD{<
Broderic Benterman,bbentermanbp@gravatar.com,976 672 635 2041,PO Box 47031,2.2,21,IT,"gZ6`YG{fq53""E"
Piper Bourgour,pbourgourbq@photobucket.com,234 494 188 7503,Room 577,0.1,15,Computer Science,tZ3<93tSVZQ5\*
Dall Wofenden,dwofendenbr@youku.com,86 589 198 8793,Apt 902,3.6,15,Computer Science,wM2=/}0RXL
Cicely Ginnane,cginnanebs@usgs.gov,371 613 614 0331,Room 1795,3.6,18,IT,"sP2,c4Nq~3#k}1a"
Dulcine Reekie,dreekiebt@people.com.cn,58 376 677 3901,Suite 69,0.4,13,Computer Science,iL5/iwbAnca=
Davon Skewis,dskewisbu@qq.com,7 422 697 9993,Apt 63,1.1,12,Computer Science,vO2/d@1.a
Windy Manger,wmangerbv@rambler.ru,970 413 208 6309,Apt 674,3.1,13,IT,yU0|_<LC7xz
Adrienne Bitten,abittenbw@simplemachines.org,57 877 714 0569,Room 140,1.3,21,Computer Science,qJ9=1z5IA8gN
Harmonie Bowser,hbowserbx@state.gov,1 971 503 5158,Room 1370,1.1,19,Computer Science,fX4<8NB>lzt
Franky Kenn,fkennby@addtoany.com,55 988 326 4626,4th Floor,2.3,19,IT,oT7.Lq/OEG9(RO
Linn Aldcorne,laldcornebz@businessinsider.com,46 571 443 0662,12th Floor,2.7,12,Computer Science,pW5%5Yi7%d
Dita Whistan,dwhistanc0@csmonitor.com,216 823 651 2904,Room 1219,1.7,19,IT,wU1/8JJKZU&&P
Kelsi Strathman,kstrathmanc1@vimeo.com,269 609 328 3847,Room 1261,1,15,IT,"rV0)\$SRG}LG""I|L"
Jeri Lansdown,jlansdownc2@ycombinator.com,55 583 108 1030,6th Floor,1.4,19,IT,rG7|o0OO6\(DKabI
Jermayne Comizzoli,jcomizzolic3@amazon.co.uk,212 461 793 2451,Suite 92,3.8,19,IT,uP0%HA50x4@rt
Brynne Penquet,bpenquetc4@cbsnews.com,86 931 915 2362,PO Box 18578,3.4,16,Computer Science,oE6{uY7Ax+vbuSI.
Fayette Dare,fdarec5@yale.edu,381 749 516 4922,Room 1153,1.6,17,Computer Science,mN5!C}jj
Hervey Gianninotti,hgianninottic6@booking.com,86 626 759 6124,Room 633,0.6,18,IT,kX8>TrF*E
Roby Littlefield,rlittlefieldc7@eventbrite.com,977 900 866 5566,PO Box 42066,0.3,19,IT,gI6@dbyY
Nady Knok,nknokc8@geocities.com,47 360 512 8748,PO Box 88659,2,21,IT,"yY8@ri,N"
Hank Walch,hwalchc9@posterous.com,236 967 960 7762,Room 344,1.3,15,Computer Science,tS9`?.<'wqAj25M
Caren Dysart,cdysartca@theguardian.com,46 768 559 4582,Suite 32,1.1,21,Computer Science,oP3$jx2B1C~~Q#i
Barty Oxtiby,boxtibycb@ft.com,51 137 734 2097,Room 1593,1.2,13,Computer Science,"eM7!Q4f)wgZ""f"
Ravi Dearl,rdearlcc@weather.com,504 909 474 1088,PO Box 83588,2.5,14,Computer Science,qA0)2_5s3HfL
Garv Samweyes,gsamweyescd@mapquest.com,374 312 997 9603,Suite 84,1,14,Computer Science,sK0%x)|@b&F+A/@n
Juliann Bartusek,jbartusekce@desdev.cn,86 879 685 6456,3rd Floor,1.2,12,Computer Science,qI0*#mh#O&_
Algernon Fairham,afairhamcf@goo.gl,62 755 995 1546,Suite 21,3.8,18,Computer Science,yQ3`@$AND
Lesly Burmingham,lburminghamcg@ameblo.jp,420 566 227 6951,Room 152,3.9,15,IT,vP9\~/V\#|<
Alvan Canavan,acanavanch@wikipedia.org,62 895 778 2960,15th Floor,1.8,21,IT,lE2+V)_%d!RCK{*V
Kennan Breinl,kbreinlci@who.int,227 662 113 0518,PO Box 89308,4,15,IT,yX8|mNW&B
Aluino Henriquet,ahenriquetcj@ucla.edu,86 693 254 1888,10th Floor,2.1,14,IT,nY6'|5l`Re6W
Darla Jefford,djeffordck@a8.net,7 424 883 7432,Room 83,3.9,20,Computer Science,"nK5`k,Y0d?"
Lucius Fonquernie,lfonquerniecl@51.la,53 734 895 5517,Room 64,1.3,14,IT,"bE4"",TMevcBzOG"
Karly Cuschieri,kcuschiericm@apache.org,62 164 922 5997,Suite 58,1.8,12,Computer Science,rX3&P$X2fQE6%r5
Bret Giffen,bgiffencn@4shared.com,57 623 203 3218,Apt 192,1.3,21,Computer Science,uJ7\4~2u=X
Merrilee Cushe,mcusheco@google.ru,236 575 846 7599,PO Box 67073,1.9,15,Computer Science,mR1|}sIpo
Bruce Scathard,bscathardcp@ebay.co.uk,63 470 888 7776,Apt 930,2.9,20,Computer Science,mV3&dP&*=113
Lettie Huke,lhukecq@smugmug.com,62 582 538 8133,Suite 46,0.3,16,Computer Science,bC7$cFz#GJ7&hP
Kalina Matitiaho,kmatitiahocr@noaa.gov,63 774 400 0468,15th Floor,1.2,12,IT,nI2@zE5`)
Toby Harriagn,tharriagncs@4shared.com,52 781 300 8346,Apt 888,1.7,17,Computer Science,"dQ7#C""mO%R~Mp/"
Darline Claxton,dclaxtonct@sohu.com,261 311 469 8429,12th Floor,4.1,21,IT,tY8<GZ7fGGz=C
Elset Idenden,eidendencu@posterous.com,39 689 961 9153,Apt 1324,0.5,12,IT,cD5.Jo8Ijt&KS'
Pier Bellringer,pbellringercv@google.cn,63 292 652 7753,Room 864,2.9,16,IT,wB3%g+mF~
Kerri Spatig,kspatigcw@shinystat.com,82 219 774 5339,Suite 28,1.1,15,Computer Science,"gI4)xXJvF7pJj<n,"
Poppy Ceeley,pceeleycx@google.ca,234 141 827 7205,2nd Floor,3,16,Computer Science,"iQ1"">g_)F"
Lotte Le Marquand,llecy@go.com,992 295 614 0566,Suite 54,3.9,17,Computer Science,dF9(u`pFQsHE
Dena Garfoot,dgarfootcz@seattletimes.com,507 117 831 9735,PO Box 19540,2,17,IT,"qL3&_dgC,=0XOm+D"
Chloette Posnette,cposnetted0@icio.us,46 104 802 7993,Apt 1124,3.5,12,IT,"pW5,j<u`|lXD"
Donnie VanBrugh,dvanbrughd1@ox.ac.uk,86 759 380 8463,Suite 3,3.3,17,Computer Science,"tU0,(EeH"
Ethelind Salling,esallingd2@merriam-webster.com,86 828 791 3494,10th Floor,0.9,12,Computer Science,rT4#VxNuG6fI{hO
Ardella Barley,abarleyd3@smugmug.com,41 146 401 0625,PO Box 96527,3.7,18,IT,"lG1~T8uC,T\TqJ2U"
Conni Sandison,csandisond4@comsenz.com,66 528 114 9935,PO Box 88537,2.8,15,Computer Science,pT0@e9'_'4
Guglielma Claypole,gclaypoled5@yahoo.co.jp,7 359 165 4533,Suite 87,2.4,21,Computer Science,fN4.soAh.m
Elianore Riding,eridingd6@yahoo.com,420 262 953 2924,PO Box 10686,0.1,21,IT,hV5+WK{EK`iK6g
Virgil Causley,vcausleyd7@digg.com,54 610 985 9412,Room 1237,1,20,IT,"uB9}\=""hYGh|"
Rafaelita Coverly,rcoverlyd8@census.gov,55 216 374 2678,6th Floor,0.9,15,Computer Science,"gQ0,M>|M}IUc"
Garth Grime,ggrimed9@fc2.com,86 653 331 9595,Suite 14,2.9,15,Computer Science,oE5#xj7>lnocMT6
Julina Crisford,jcrisfordda@vistaprint.com,86 356 331 7216,PO Box 39097,1.4,14,IT,jQ3_`+=?
Melicent Kapelhoff,mkapelhoffdb@addtoany.com,48 817 519 9393,Apt 5,3.5,18,IT,jC4{w'0Eud
Deck Quinlan,dquinlandc@etsy.com,57 453 218 2105,Suite 29,1.5,20,Computer Science,bD8(+?*kRI%F)<cV
Gayle Trelevan,gtrelevandd@opera.com,86 388 936 7317,Apt 1060,3,15,IT,"yD8'H}kJqthdY,FL"
Hoebart Yearron,hyearronde@youtu.be,597 535 796 1798,PO Box 12486,3.9,18,Computer Science,"zF6"".uZ@hF1`Q"
Yale Jannasch,yjannaschdf@rakuten.co.jp,351 824 388 9593,Room 473,2.6,18,IT,uZ1*i`{?d
Lynnell Mordaunt,lmordauntdg@pcworld.com,47 193 630 0373,16th Floor,0.8,17,IT,eI8?uke@+1y(et@X
Blanch Garnar,bgarnardh@meetup.com,1 602 599 4864,PO Box 14370,0.3,21,Computer Science,jZ9'8CKSk2UT=2
Zitella Cleyburn,zcleyburndi@ocn.ne.jp,48 586 685 1309,14th Floor,0.6,17,Computer Science,wQ7$iP34MY
Lyndsay Perrin,lperrindj@icq.com,994 139 728 1433,Suite 10,4,16,IT,tE8!hKzk0p<S6fb>
Ives Greendale,igreendaledk@weebly.com,386 989 640 0917,Apt 1502,4,19,IT,vA4%+|NsBH\jjKR
Pansy Revelle,prevelledl@about.me,1 472 966 1453,Room 1789,0.6,20,Computer Science,hA0%JsnQauQ@V<
Kyle Bridger,kbridgerdm@people.com.cn,267 124 186 5362,Apt 1193,2.6,20,Computer Science,eI1&dIli`5NTc
Oriana Bordis,obordisdn@rakuten.co.jp,62 305 621 1244,Room 1028,1.4,18,IT,aI0)T!X=uuJf
Elyse Lindholm,elindholmdo@mapquest.com,86 567 425 6295,Apt 494,3.3,12,IT,eN3.N=G8/a
Anatole Oliver-Paull,aoliverpaulldp@wikispaces.com,351 144 684 0430,Apt 1271,3.2,15,IT,"fI6,Cl4#iwo$+"
Laney Bassham,lbasshamdq@tiny.cc,62 283 361 4383,PO Box 72295,0.1,18,IT,fT1?\TB$
Cassandre Georgiades,cgeorgiadesdr@omniture.com,62 428 583 2968,Room 321,1.8,15,Computer Science,mR1$1$Q'T!}k5=
Portie Beneteau,pbeneteauds@ycombinator.com,62 604 291 4785,13th Floor,3.5,21,IT,"tX1?0ak08Mj'<F,S"
Chancey Waye,cwayedt@adobe.com,54 169 730 2234,16th Floor,1.7,16,Computer Science,uZ8'!3TGW
Elisabeth Rayhill,erayhilldu@odnoklassniki.ru,86 898 929 4690,PO Box 4315,0.8,17,Computer Science,wX8|FDpcLZFk
Willem Myrick,wmyrickdv@cnbc.com,27 484 287 3663,PO Box 69363,2.9,19,Computer Science,sL3%cYcS6!P*3
Marget Taylo,mtaylodw@cyberchimps.com,46 730 427 8637,Suite 92,3.4,20,IT,zD0=%>.C2)3
Esma Follitt,efollittdx@bravesites.com,7 772 223 8029,Suite 72,2.1,21,IT,"tO1,<g{4w.Yuj"
Arabella Portwaine,aportwainedy@wired.com,55 368 814 4369,Suite 25,0.6,19,Computer Science,"rD7@0*a1""tpJk&6"
Renault Masdin,rmasdindz@berkeley.edu,57 734 866 7469,Suite 2,1,18,Computer Science,yD3}$v_qsqsDT#pV
Clari Heersma,cheersmae0@qq.com,54 765 228 5460,12th Floor,3.1,14,IT,zP5%aGexW
Carey Lanfare,clanfaree1@google.cn,62 587 962 9810,Room 1850,2.9,15,Computer Science,"hG1+S~pI""MCx"
Sisely Preuvost,spreuvoste2@webeden.co.uk,358 738 197 6791,Room 83,1.1,17,Computer Science,oF8|2|u0M73
Cornelius Andrieux,candrieuxe3@taobao.com,62 477 991 2462,Apt 1375,3.3,21,Computer Science,cR1+q39_)
Barnaby Mouan,bmouane4@bluehost.com,48 936 490 6154,PO Box 8159,2.5,19,Computer Science,iM6`I=tE0
Gaston Blandford,gblandforde5@cam.ac.uk,420 193 303 3443,Suite 48,1.4,13,Computer Science,hP7!ju1_I|d6Q
Eloise Mogg,emogge6@harvard.edu,62 601 708 6391,6th Floor,0.7,15,Computer Science,zY5|ea<D9f?%ALn
Evaleen Cowlin,ecowline7@chronoengine.com,49 803 407 5191,PO Box 47951,4.2,16,Computer Science,cZ5|~Z/ngS2j'3
Meriel Byrcher,mbyrchere8@springer.com,55 311 721 6236,Suite 58,0.2,12,Computer Science,wX6'\Uxy`3}VLma
Melonie Firks,mfirkse9@over-blog.com,420 108 902 3415,PO Box 8308,1.1,18,IT,cS4'vAtXyD&L
Chrystel Auden,caudenea@newyorker.com,93 785 731 8582,Suite 53,0.5,15,IT,cI2<%%&R1o4Ru~b
Jewelle Cavil,jcavileb@topsy.com,86 841 448 6331,Room 1504,3.7,21,IT,"nJ5<""FdX"
Cynde Haymes,chaymesec@netscape.com,1 239 487 0070,Suite 40,2.6,16,IT,zL9*8JR77c>a%X
Filbert Spiers,fspiersed@guardian.co.uk,48 870 999 5370,Suite 32,2.6,20,IT,wH5`/?BaB6J8aN(M
Matty McKyrrelly,mmckyrrellyee@google.com.au,255 725 465 6256,Room 1922,1.6,19,IT,mN9{?S~L6}
Gery Mc Curlye,gmcef@nba.com,352 225 446 2428,Suite 51,2.8,14,IT,oO2/nscO'hsVJ6&
Hendrik Blenkinship,hblenkinshipeg@google.nl,355 382 728 4970,17th Floor,3.3,15,IT,dY3~OTmv9bs*_
Rosemonde Fennessy,rfennessyeh@ehow.com,355 410 368 8348,Apt 236,2.9,12,Computer Science,"jV3,`}Z\>u2az"
Wendall Mariaud,wmariaudei@tripadvisor.com,92 542 559 3043,Apt 942,3.1,18,IT,vS2`9VJKK
Yoko Vallintine,yvallintineej@digg.com,51 445 619 0813,Room 475,2.5,17,IT,rW8$Sov+
Micah Willimont,mwillimontek@tumblr.com,62 370 567 8455,PO Box 92804,1.7,14,Computer Science,"bN5,WSFnHxK30a("
Giffard Stocking,gstockingel@ucla.edu,1 665 275 6746,PO Box 98921,3.3,13,Computer Science,"eT7+""rTl3T."
Curtis Stocky,cstockyem@skyrock.com,55 671 352 4266,5th Floor,0.1,13,Computer Science,bD7%A0U$NE
Gabriel Legge,gleggeen@sourceforge.net,62 738 221 1161,Apt 1282,3,21,IT,pW2`hySA<YFX
Bernita Lincke,blinckeeo@rediff.com,63 120 828 7223,Room 816,0.8,18,IT,qQ2$`1QqL|\K
Ronny Trewhitt,rtrewhittep@google.es,1 734 913 8497,12th Floor,4,17,Computer Science,bJ0|c*h?HvZq%B
Ignacius Bailey,ibaileyeq@soup.io,86 580 606 0006,Room 344,3,21,Computer Science,wL1~G@3`@P72EeZ
Velvet Braine,vbraineer@cnn.com,62 294 121 8927,Suite 5,0.2,20,IT,"sY1~,jaHS%P<{@"
Reena McKinn,rmckinnes@ustream.tv,86 985 187 4042,Apt 892,2.9,19,Computer Science,gW5(fKT?pT.M
Mallory Esland,meslandet@google.ru,994 568 403 6375,Suite 40,2,16,Computer Science,tK7<.G_$|
Baily Veneur,bveneureu@ca.gov,351 191 567 1203,Apt 1084,1.1,19,IT,rE3>}N\kwY8_6r
William Brigge,wbriggeev@topsy.com,34 866 221 8577,PO Box 85717,3,16,IT,qX9.<50Er<\2GN
Ingemar Dutton,iduttonew@freewebs.com,62 697 487 0950,Apt 1930,1.5,18,IT,tH3</__}
Brandise Roughsedge,broughsedgeex@icio.us,255 497 859 6175,13th Floor,3.7,21,IT,hE0/ya~h{Ucu
George Erdely,gerdelyey@merriam-webster.com,62 762 649 4933,Room 640,0.5,12,IT,"sJ1=OPs,DR7HbF"
Derek Guiel,dguielez@constantcontact.com,7 701 576 5449,Room 1234,1.3,14,Computer Science,vS2?gbH)JLy
Earl Luxton,eluxtonf0@wunderground.com,420 676 999 9857,15th Floor,2,13,Computer Science,kO1\>SJf
Godfree Ferrario,gferrariof1@jugem.jp,235 638 814 5076,PO Box 52701,1.5,12,Computer Science,qG5.3affL/f?
Lewiss Aslie,laslief2@hud.gov,86 843 182 6517,13th Floor,0.2,19,Computer Science,jX8{CKiuu)0qT
Shaylyn Tizard,stizardf3@webs.com,55 674 762 8619,Suite 74,3,17,IT,cS0<y=9X{t}Z>B
Alexi Fellibrand,afellibrandf4@ning.com,64 912 374 5335,Apt 461,2.1,13,Computer Science,"uG0*T>w@r,Y>N(30"
Clarice Fozzard,cfozzardf5@unblog.fr,1 893 127 7664,Room 1226,0.5,18,Computer Science,jP6+wEZtFZ
Wakefield Micklewicz,wmicklewiczf6@fda.gov,63 871 544 5465,PO Box 10715,3.7,18,Computer Science,"oU2'rABzoU5j\,#V"
Berti Couper,bcouperf7@google.es,62 530 982 1676,Room 1991,1.3,19,IT,bE5>i>FrKY
Marena Bladesmith,mbladesmithf8@ycombinator.com,62 481 942 4667,Room 1596,0.6,16,IT,cQ5{nm9KSJV1
Cobby Oakwood,coakwoodf9@stumbleupon.com,1 848 828 9093,20th Floor,1.4,18,IT,gX5>N/!G
Zorine Croisdall,zcroisdallfa@studiopress.com,66 733 169 5967,Room 82,0.1,17,IT,oA8!!iO92gr
Grover Pawle,gpawlefb@nymag.com,86 921 138 6394,Suite 90,0.7,17,Computer Science,eV4`nfMwZ
Garey Evequot,gevequotfc@xrea.com,30 449 783 5258,PO Box 92198,2.7,17,Computer Science,oF1.TRtD'
Coralyn Bodd,cboddfd@google.cn,48 924 526 4905,Suite 51,2,13,Computer Science,gC6|=oDAR
Modestine Bramo,mbramofe@ask.com,856 952 352 6822,PO Box 52728,3,12,IT,"wF4<""a(lOy="
Odey Jaggar,ojaggarff@flavors.me,506 347 633 7478,Room 449,1.2,12,IT,"bV3)~""WU&EuQ"
Cindee Innerstone,cinnerstonefg@51.la,46 704 508 6016,Suite 93,4.2,18,IT,fV8=Cx8c#Q
Udale Oaks,uoaksfh@usgs.gov,39 203 203 0613,Apt 1172,4,18,IT,"fD1""wd*Km\ypw{"
Quincey Dunkirk,qdunkirkfi@yahoo.com,46 259 396 6282,PO Box 87146,3.2,19,Computer Science,gX5'8zI5tbz
Kellen Kehri,kkehrifj@ed.gov,86 653 698 4467,Apt 1232,0.9,17,IT,uB4/}660bz+=j
Fanechka Dullaghan,fdullaghanfk@newyorker.com,62 194 170 8755,Suite 16,2.4,19,IT,vB2`.zkx=X<
Philippe Puddicombe,ppuddicombefl@washington.edu,358 472 159 1763,Apt 1965,3,12,IT,"mV1#~%,u"
Scarface Draaisma,sdraaismafm@who.int,53 394 279 4793,PO Box 24161,2.6,18,IT,iO2.V0t`}lr!9
Alexio Callf,acallffn@xinhuanet.com,1 474 123 2274,Apt 1924,2.3,20,Computer Science,wA7*m?xT$
Blanca Gradon,bgradonfo@sbwire.com,34 299 936 1727,Suite 15,2.7,18,IT,"tH7\d4,@,A%4"
Deni Blampy,dblampyfp@shop-pro.jp,260 136 533 0381,PO Box 89985,0.4,13,IT,cM2+iJY2Hkh
Gregory Nolin,gnolinfq@phpbb.com,63 287 120 4281,Suite 15,2.4,20,IT,tC5%7dvr%
Kaila McGirl,kmcgirlfr@51.la,261 929 465 8306,PO Box 74338,3.4,16,Computer Science,"hB3""8d#ws*%v"
Liliane Dixsee,ldixseefs@ow.ly,7 432 775 7392,Room 1518,0.1,17,Computer Science,"sG1<<W.uo""?u"
Shara Horwell,shorwellft@hud.gov,84 948 720 9007,Suite 78,0.5,17,Computer Science,nU8$xoDu*bp
Elbert Philbin,ephilbinfu@printfriendly.com,30 934 161 9121,19th Floor,1.3,15,Computer Science,bB0>'tbf3a
Sky Pavie,spaviefv@alexa.com,55 995 668 5901,Apt 1821,2.9,14,IT,"cO6""RjQR>xwi!t!!"
Rebeca McAndrew,rmcandrewfw@comcast.net,267 984 746 0779,PO Box 54298,4.2,14,Computer Science,kS2\V.\>c
Rora Lovelace,rlovelacefx@phpbb.com,86 603 605 9016,PO Box 55056,3.7,18,IT,wK3>OEQ|\Y
Garrick Tuny,gtunyfy@1688.com,55 117 487 1284,15th Floor,1.8,14,IT,"rL9""q3W|@,~eo$e5"
Tore Rosborough,trosboroughfz@google.com.au,86 384 555 8558,Room 1695,2,16,Computer Science,zI4|}6uqX2l
Rebbecca Ziehm,rziehmg0@gov.uk,63 981 734 3581,4th Floor,1,14,Computer Science,jK8@dHBr2!+{*ZDM
Arne Hadleigh,ahadleighg1@hibu.com,963 180 813 6028,16th Floor,0.3,19,Computer Science,eG4_(ISYW8N{Y
Val Denisevich,vdenisevichg2@ft.com,86 838 515 7842,Suite 67,4.2,13,IT,"aZ7_}5BnTK,_nj"
Hanni Allworthy,hallworthyg3@narod.ru,7 635 837 6610,Apt 930,2.2,19,IT,oY6?%J'9w>35
Spense Clohessy,sclohessyg4@biglobe.ne.jp,351 364 132 0549,Apt 997,3.5,20,IT,xU6>hhc\zW9R_
Martyn Sanney,msanneyg5@amazon.de,381 489 804 6201,Apt 1509,3.6,16,Computer Science,pF6/wa>KbZ<Q
Even Ianniello,eianniellog6@aol.com,86 102 102 4251,Room 268,3,16,IT,"oQ0"">S0ct,"
Irwin Loynton,iloyntong7@cbslocal.com,86 626 776 8868,PO Box 67128,0.8,17,Computer Science,aU2!\X8Xzjf*<
Norby Timewell,ntimewellg8@technorati.com,55 531 818 3041,Apt 249,3.2,15,IT,"hI7,rl>Az"
Noak Tunniclisse,ntunniclisseg9@storify.com,1 937 943 0638,Apt 1058,0.2,15,IT,pY8!7|efvMT
Lawry Albisser,lalbisserga@is.gd,86 950 816 8783,Suite 74,0.8,12,Computer Science,"iA9),wb1"
Florrie Riggott,friggottgb@google.pl,46 241 627 2195,Apt 33,0.2,17,Computer Science,sM3=HY=$uwda@@R
Sam Battista,sbattistagc@netvibes.com,54 239 786 9142,Apt 1766,2.3,13,Computer Science,mY1}=u.OJYT/\)2
Joice Tippler,jtipplergd@flickr.com,51 759 935 2724,Room 1779,3.4,21,IT,jE5&JqNKj#e
Chase Scalera,cscalerage@blog.com,33 367 694 4433,Suite 28,0.2,14,IT,"nD7,=DXMKV_8OY"
Jennifer Longmead,jlongmeadgf@ocn.ne.jp,48 998 467 5643,Apt 1262,0.4,18,Computer Science,"lP1$epws""cILun"
Reta Plomer,rplomergg@instagram.com,86 738 307 6932,2nd Floor,4,16,IT,jW6|bl$Rh0QG
Karleen Weale,kwealegh@ft.com,86 462 446 4963,Suite 76,0.1,18,IT,eP1+i6/f+C/A
Benjie Prothero,bprotherogi@gravatar.com,387 701 459 8774,Room 1498,3.8,15,Computer Science,jQ9|+91MS`%?Ua
Luelle Gleeson,lgleesongj@bbc.co.uk,593 988 307 8121,16th Floor,1.3,21,Computer Science,oO3\@u5qyJf2QID
Aharon Halfhyde,ahalfhydegk@spiegel.de,351 954 952 8032,PO Box 34150,4.2,19,IT,qM6=F4zXrvRkA
Gawain Kopisch,gkopischgl@google.nl,62 447 816 8354,17th Floor,4.1,20,Computer Science,bM8)_aU}<)J%D
Dukie Mutch,dmutchgm@360.cn,49 921 635 0224,Room 673,2.9,19,Computer Science,hG4.6HIoEoM.%MM
Arlin Bonder,abondergn@ovh.net,48 269 793 4391,13th Floor,1.2,13,Computer Science,rK1~'P>J_
Gawen Clarson,gclarsongo@vimeo.com,62 741 765 8856,Room 603,2.3,16,IT,sM2&(FyFO
Vonni Boland,vbolandgp@mashable.com,55 760 341 0697,Apt 1505,1.3,17,IT,wO9(bv(#
Rudolf Yakhin,ryakhingq@microsoft.com,48 284 677 3868,10th Floor,3,20,Computer Science,hC8$mO|ubDMR
Guglielma Sunnucks,gsunnucksgr@geocities.com,62 551 154 2923,PO Box 2213,1.8,14,IT,rD0>I+)FCM(0
Seka Keitley,skeitleygs@ebay.com,62 192 907 6252,Suite 97,2,15,Computer Science,bX4\w=fh%PW`f'
Lauren Gait,lgaitgt@cbc.ca,7 701 712 8637,Room 58,1,12,Computer Science,"kE8?b""\7l="
Ros Bernadzki,rbernadzkigu@icio.us,62 425 168 5906,16th Floor,3.9,15,IT,mU7+%ocG>?SW\/D
Kitti Cassimer,kcassimergv@irs.gov,51 671 950 6436,PO Box 30707,3.8,13,Computer Science,"xD4""\&>Gq4YWP!wl"
Casi Pickett,cpickettgw@redcross.org,1 281 130 2310,PO Box 71725,4.2,20,IT,kO5\7OU(m
Tobiah Phebey,tphebeygx@arizona.edu,1 409 676 1385,Suite 85,2.5,20,Computer Science,bY4)jp)O&1`uvGN
Inglis Floyed,ifloyedgy@live.com,1 208 182 6726,Suite 55,3.8,13,IT,tL5>DRnEE)
Marigold Filby,mfilbygz@sina.com.cn,7 744 281 9794,Room 1733,3,17,IT,"hH3(=x~,"
Nonnah Wickson,nwicksonh0@furl.net,94 369 350 7454,18th Floor,3.9,21,IT,iN2=vk4kjkaB
Penni Veschambre,pveschambreh1@usda.gov,62 535 899 9070,PO Box 74471,0.4,18,Computer Science,cC7!L|3F=
Joly Cavendish,jcavendishh2@auda.org.au,354 219 639 3618,11th Floor,2.1,13,Computer Science,"yK3/B,Ly<'dN>h}"
Melitta Stanborough,mstanboroughh3@typepad.com,46 541 107 6131,Room 554,0.2,14,Computer Science,hT5{>2CL
Harwilll Langelay,hlangelayh4@nationalgeographic.com,212 294 726 8528,Room 1215,2,18,Computer Science,eD6#m_MsaT
Ingelbert Cornelis,icornelish5@360.cn,60 351 842 7335,PO Box 98234,1.7,13,Computer Science,hF7%n=m%<f5+
Darline Mogey,dmogeyh6@ameblo.jp,595 500 370 8532,Room 1558,3.7,20,IT,"vJ3|"">3bmZ@ACS"
Hodge Harbin,hharbinh7@irs.gov,86 769 721 5838,PO Box 88677,0.4,17,IT,"wO8,/EEW9>Otd"
Susan Point,spointh8@howstuffworks.com,20 444 654 0473,18th Floor,0.7,17,IT,"zB4!""AnbQU*/Er"
Lorine McFade,lmcfadeh9@de.vu,57 628 102 5289,Room 667,3.2,16,IT,fO9~8OK)
Debee McSweeney,dmcsweeneyha@ucsd.edu,62 599 936 9510,8th Floor,3.1,13,Computer Science,zF4!{*T!So
Anabal Lochead,alocheadhb@go.com,63 714 752 7645,Suite 3,0.6,18,Computer Science,"iN7)""aA`JAD"
Curry Stanex,cstanexhc@reference.com,230 807 534 3804,PO Box 90211,1.7,19,IT,lC5|`pzb1
Rhona Swainger,rswaingerhd@virginia.edu,351 317 698 0065,PO Box 82270,1.6,20,Computer Science,gG6{K#Jf>6Ug>Rp
Ronnica Cuniffe,rcuniffehe@nps.gov,86 862 239 4135,9th Floor,2.4,15,Computer Science,uF0_Jx1ulX*'$|
Kettie Gavrielli,kgavriellihf@bloglines.com,86 817 559 4117,Room 315,3,14,Computer Science,"bQ5,l@<XZ@2_"
Charlie Dodwell,cdodwellhg@google.de,48 611 511 7998,Room 1460,0.9,16,Computer Science,"vO1?,eSP'@GtX`"
Wally Chivrall,wchivrallhh@samsung.com,52 836 737 7854,Room 641,2,16,Computer Science,"sC3,F2!~{wIRdq"
Rhiamon Mottershead,rmottersheadhi@sina.com.cn,86 608 156 6206,Apt 104,3.2,18,IT,bV0!7{RFMii8k
Estevan Killough,ekilloughhj@biglobe.ne.jp,60 966 930 5355,Suite 86,3.6,16,Computer Science,"uA5(oA/jubCV,Y"
Jock Beeken,jbeekenhk@freewebs.com,356 921 211 6071,7th Floor,0.5,15,IT,aU6(#3H)Wz*
Orelie Boak,oboakhl@icq.com,595 195 243 2344,Suite 45,3.8,13,IT,mI6=4QiG\R
Irene Bridges,ibridgeshm@facebook.com,62 654 699 1934,Apt 19,1.4,13,Computer Science,jN5{RV#P>5f%W9
Wanids Negus,wnegushn@reference.com,234 228 921 9269,Apt 616,2.4,20,Computer Science,gY1*VwK.&M4a@3f
Dorice Karran,dkarranho@studiopress.com,46 783 525 4234,Room 1865,3.8,20,IT,rE8'.Gv{'A%{J(4
Erie Howse,ehowsehp@google.nl,351 739 739 7685,PO Box 89839,0.7,19,Computer Science,gH6){Z@}Z9{f@
Jandy Pre,jprehq@virginia.edu,63 529 820 6676,Room 1028,2.1,15,IT,aS6/t51Qz/$Fw4l
Kassi Turbill,kturbillhr@timesonline.co.uk,57 923 547 3054,7th Floor,1.3,12,IT,yP5~b`#XGdmF=Z>
Rochell Mayell,rmayellhs@globo.com,358 184 216 5030,Apt 1478,0.5,18,Computer Science,mO1/~.91g'd
Susette MacGinney,smacginneyht@washingtonpost.com,63 909 560 6067,Room 1540,3.5,16,Computer Science,kE6~uH#XF
Lynnea Gavaran,lgavaranhu@comsenz.com,86 569 825 2305,Suite 73,3.4,20,Computer Science,zG6{!g\o
Roddy Lawfull,rlawfullhv@example.com,86 441 559 8096,Room 352,3.4,20,Computer Science,bN2{XY1nCr{cO5
Bartolemo Jurczik,bjurczikhw@phoca.cz,54 952 948 6109,Apt 63,4,17,IT,vE3#ZsU%
Amalie Laneham,alanehamhx@hexun.com,216 134 716 2801,Apt 778,2.8,20,Computer Science,dM4)N7b>2c
Thorvald Andreu,tandreuhy@timesonline.co.uk,54 737 966 2715,Suite 78,2.1,20,Computer Science,wD9*r23t>O'X
Orran Meaton,omeatonhz@chronoengine.com,46 360 428 9966,Suite 45,2.1,12,IT,hJ7*t~KQ>
Edita Grizard,egrizardi0@google.co.jp,27 940 164 6526,17th Floor,1.7,14,Computer Science,nY7+Jq27v
Gwynne Hewins,ghewinsi1@mapquest.com,351 570 353 1262,1st Floor,0.6,19,Computer Science,bZ6_U.*Qxi)*Xx_2
Ilyse Barnshaw,ibarnshawi2@europa.eu,81 674 160 2828,PO Box 55053,1,20,Computer Science,pW5%+h?f
Sarette Burnsell,sburnselli3@bloglovin.com,55 394 435 0375,Apt 279,3.5,16,Computer Science,"dU8""61J}"
Andrea Verrillo,averrilloi4@msu.edu,7 689 892 9425,Apt 1183,1.6,13,Computer Science,cX0>V/``N
Thacher Argrave,targravei5@seattletimes.com,86 793 939 2402,Suite 50,3.7,18,Computer Science,bF2+quWF5WIbUz
Cicily Scarff,cscarffi6@wix.com,7 763 182 7029,PO Box 12315,1.5,13,IT,"tI5#&@?p&d,E@Hgt"
Margo Busk,mbuski7@soundcloud.com,62 140 366 5772,Apt 1100,3.4,15,IT,yZ8~c3.S~1TGDw
Jake Meineck,jmeinecki8@youku.com,86 214 815 4900,Room 42,0.7,20,Computer Science,uN5=D8d\5A`1Z7
Jennica Routh,jrouthi9@mapquest.com,62 574 689 2427,Room 325,2.2,17,IT,"dA5}.\,7I2ETa3"
Lauralee Basso,lbassoia@ovh.net,46 757 136 9699,17th Floor,0.7,19,Computer Science,mA8_jw\IdW`+6X*!
Jorie Dodds,jdoddsib@vistaprint.com,48 232 368 3414,PO Box 84657,2.4,21,IT,oC5&$ejN3ppz}
Rebekah Wybrew,rwybrewic@soundcloud.com,86 596 491 2774,Room 230,0.4,16,IT,cM7$h_YN
Noby Werrit,nwerritid@tiny.cc,48 620 735 0658,Room 354,0.1,17,IT,iX5%vC~S.f?`45
Minni Newens,mnewensie@oakley.com,86 465 413 2466,Suite 74,0.4,13,Computer Science,pQ7@!YF=zk
Carri Gabriel,cgabrielif@twitpic.com,81 312 367 1695,Apt 1134,0.6,20,Computer Science,"eK5"">X2{288y"
Mason Gilfether,mgilfetherig@goo.gl,62 235 999 4160,Suite 7,0.1,19,IT,lF8'jd{x3H
Alvan Garry,agarryih@cdc.gov,86 277 353 1330,PO Box 38921,0.2,13,IT,kK1_n2la42k
Vallie Wolfarth,vwolfarthii@hhs.gov,55 224 165 3105,Apt 421,3.6,12,Computer Science,hR2@<6rIY'0
Didi Stell,dstellij@vkontakte.ru,504 540 830 3159,Apt 1245,0.7,17,IT,aT2'~z)FGC1G\5EP
Genni Orgen,gorgenik@msu.edu,62 711 236 4708,11th Floor,0.5,19,IT,yK2.aO#1s
Nerissa De Filippi,ndeil@house.gov,503 379 162 3491,Suite 79,0.4,12,Computer Science,"xN9\N,sKA"
Townie Deering,tdeeringim@sphinn.com,260 116 509 6872,Suite 24,1.9,19,IT,"aR1<yD@H>ZF8""y"
Rafe Bembrigg,rbembriggin@friendfeed.com,34 963 364 9284,PO Box 79960,0.3,12,Computer Science,wO9`V0m(Y'Pj
Homerus Heasley,hheasleyio@narod.ru,7 355 301 0401,Suite 62,0.9,14,IT,jA0(bpJ=xL
Natasha Usmar,nusmarip@va.gov,372 138 739 6555,Room 545,3.5,12,IT,"iG6+`5""}<<L+c_T"
Fleurette Flowers,fflowersiq@bloglines.com,86 550 715 3054,Suite 44,2.1,19,Computer Science,nN2(pVqE|!
Anthe Moreno,amorenoir@hubpages.com,86 402 787 8006,Suite 27,2.8,15,IT,"dC6!(9""1ytna"
Robin Frangione,rfrangioneis@hexun.com,33 265 200 7177,Apt 1309,3.3,18,Computer Science,hI8$aD7lI!p=#FwZ
Shelia Chaloner,schalonerit@w3.org,86 284 715 5059,Room 1338,2.3,18,Computer Science,zU6$QH\V!|r*J%/
Pablo Breagan,pbreaganiu@nps.gov,420 862 730 1984,Apt 134,1.5,19,IT,"hW0@u"")1DBvT"
Lorettalorna Fosberry,lfosberryiv@ucsd.edu,358 866 789 4567,Suite 56,4.1,20,IT,"eW6""\#_x$7}z'a,"
Marcella Yong,myongiw@ucsd.edu,963 263 384 1549,Room 1566,3,15,Computer Science,iQ1\u8L4hH5O)pp
Lorrie Kynan,lkynanix@pbs.org,86 791 767 5839,PO Box 64158,1.6,21,Computer Science,rN3/g\>w
Edvard Matejic,ematejiciy@instagram.com,62 691 282 2794,Room 694,2.9,21,Computer Science,"qX3""kl,1lfvi"
Gratiana Brooksbie,gbrooksbieiz@moonfruit.com,1 717 742 7591,Apt 1340,2.1,17,Computer Science,vF4!0gTUNR>Q
Freemon Chown,fchownj0@multiply.com,46 609 664 3847,Apt 1189,2.7,16,Computer Science,uS2`b_+@
Wang Schukert,wschukertj1@chron.com,86 417 404 1395,Suite 19,2.8,15,Computer Science,qS0#V9EXbHyE&
Tadio Oddboy,toddboyj2@jigsy.com,234 866 581 2942,PO Box 67322,3,16,Computer Science,fS4?zP|R3
Dolorita Givens,dgivensj3@eventbrite.com,86 850 861 1143,Room 1422,2.9,12,Computer Science,"jF1,Uj_B"
Emelina Lycett,elycettj4@dion.ne.jp,30 293 806 5044,Room 343,2.9,15,IT,sE3)*>VP.W%6)2
Martie Iacovelli,miacovellij5@google.co.uk,62 187 622 0717,3rd Floor,1.3,13,Computer Science,aF6@kU>TEaRA7M
Ciro Divina,cdivinaj6@miibeian.gov.cn,380 555 715 3356,Suite 37,3.8,16,Computer Science,nI2$Ddt=
Clarine Gadie,cgadiej7@microsoft.com,86 490 969 0306,PO Box 34393,0.8,21,IT,dC4/<O#P
Constancy McLaverty,cmclavertyj8@twitpic.com,86 835 445 6272,Apt 523,0.1,17,Computer Science,"vS5,J!){WvLl%4@"
Cynthea Bratchell,cbratchellj9@java.com,351 872 223 2218,Suite 43,0.5,13,IT,xV0{Rht}q
Druci Epp,deppja@forbes.com,880 676 814 2017,20th Floor,0.6,20,IT,dR2=8MVL.jdd
Astra Fencott,afencottjb@shutterfly.com,81 259 150 9443,Room 1398,3.3,12,IT,jS3{`muYY=0
Nolan Stell,nstelljc@tumblr.com,593 155 471 4101,Suite 86,3,21,Computer Science,qD3/FKZ`Ts.
Gilbertine Cufflin,gcufflinjd@cnbc.com,57 959 995 9334,Room 719,0.6,16,Computer Science,dQ8@6$k`
Morton Breming,mbremingje@alexa.com,86 667 133 2467,PO Box 83910,1.9,15,Computer Science,yG2<V+`}g)xpZ6
Hyatt McCullen,hmccullenjf@bandcamp.com,33 241 890 1205,12th Floor,2.8,19,Computer Science,mD3.(eE$Xj<DD'&o
Cher Tammadge,ctammadgejg@amazon.co.jp,502 494 383 0653,PO Box 84122,2.7,16,Computer Science,wF3@K=*vaqy
Asia Pearsey,apearseyjh@scribd.com,994 287 157 8734,1st Floor,4.1,21,IT,gJ3$ef5J4_VqD+
Ilsa Kingdon,ikingdonji@ucoz.com,86 466 912 3946,PO Box 41398,4,20,Computer Science,iC2\baQO8
Palmer Kaiser,pkaiserjj@nationalgeographic.com,62 850 299 3638,PO Box 72208,3.1,15,IT,qO4!$M&Ty
Tedman Lasseter,tlasseterjk@cornell.edu,7 665 219 8923,Room 168,2.7,12,Computer Science,aI7(>4B&c).y~D|i
Doralyn Auchterlony,dauchterlonyjl@typepad.com,62 626 809 7312,PO Box 39827,3.6,19,IT,vX1<Z4C9k
Rose Crowhurst,rcrowhurstjm@mit.edu,52 857 837 4670,PO Box 13426,3.9,21,IT,fK3.Fa%~=~(
Nevin Gumey,ngumeyjn@cbslocal.com,63 221 775 2183,Room 543,1.9,13,IT,fJ3{#R@V*e}P9/G
Cally Van den Bosch,cvanjo@who.int,66 115 540 4167,5th Floor,0.6,14,IT,mW5$|p+oW`f
Andrea Guyonneau,aguyonneaujp@photobucket.com,1 107 229 7883,Apt 1626,3.2,14,IT,kV3+2r\)MpDt>_
Ezequiel Rodie,erodiejq@chronoengine.com,1 205 834 7787,PO Box 13355,0.4,18,IT,oE6%iSWR2SH=s
Casandra Davidescu,cdavidescujr@ibm.com,81 832 309 1240,11th Floor,0.8,15,IT,dZ0|fqdd|
Veronique Presser,vpresserjs@gnu.org,62 901 450 3877,Suite 6,0.9,13,Computer Science,"nS2,{z=fr"
Kathryn Woodard,kwoodardjt@bbc.co.uk,62 736 684 8008,PO Box 17056,3.8,20,IT,eS6(&%2zW6K!K0EP
Joceline Izen,jizenju@theatlantic.com,595 925 375 2729,Suite 65,1.6,20,Computer Science,qF2!l!1_
Lori Hanwell,lhanwelljv@reference.com,41 613 715 5676,1st Floor,3.3,13,IT,dS4\OBHd9&
Bria Bronger,bbrongerjw@youku.com,81 238 582 5225,Suite 20,2.7,14,Computer Science,lU5|br{v/lWp
Sidney Graveston,sgravestonjx@nih.gov,351 200 138 3378,PO Box 90936,4.1,16,IT,dT2|i8nF~
Odette Beavis,obeavisjy@mozilla.org,81 999 367 4030,Room 1271,0.5,13,IT,"kR6>'{Y$Q9H""|"
Leeann Balazot,lbalazotjz@csmonitor.com,86 167 736 0374,Room 636,1.7,20,IT,aG9%.G!v~
Chadwick Longfield,clongfieldk0@linkedin.com,62 362 804 9789,Suite 76,2.2,15,IT,kQ7(TU9P6>#7!Y9
Brittni Sexcey,bsexceyk1@blog.com,86 234 454 6720,Room 1868,3.7,16,Computer Science,"pF8!""q~)K(yHl"
Selene Cleere,scleerek2@homestead.com,385 764 780 6245,Apt 807,2.2,17,IT,qW2~r)G(
Putnem Sichardt,psichardtk3@163.com,66 361 357 9764,Room 1854,4.1,21,Computer Science,gF1'aE*G84Pa7
Arney Skates,askatesk4@networksolutions.com,62 815 317 7474,Suite 22,4,14,Computer Science,"oI5@N6,9#'"
Neale Zannetti,nzannettik5@cornell.edu,46 259 316 3914,Apt 1966,3,14,IT,sK9>bQ}Y?roH@R_
Nike Jorg,njorgk6@delicious.com,49 360 664 8743,PO Box 83295,1.4,17,Computer Science,oH2'Mc'hsa=NpTP
Ilene Davage,idavagek7@princeton.edu,54 296 392 3026,Suite 22,1,15,Computer Science,yB6=X#lL4QU`gJ}
Iago Covey,icoveyk8@ihg.com,234 221 801 6665,Suite 79,3.3,15,IT,"nZ1?8""1oANo/HX"
Ted Trowler,ttrowlerk9@who.int,57 914 442 3709,Room 1911,2.1,13,Computer Science,tA1(y9Md.pz
Nicole Allsupp,nallsuppka@timesonline.co.uk,51 342 993 1938,Apt 502,2.7,15,Computer Science,gG0=C24V
Ichabod Arnell,iarnellkb@uol.com.br,57 768 334 2992,Room 588,1,21,IT,"cW9.a&""@9Pi"
Dewain Alliker,dallikerkc@discuz.net,7 549 937 6077,Room 1556,2.9,16,Computer Science,jW0)uB9WBbWuW
Laural Pasek,lpasekkd@techcrunch.com,62 422 946 2692,PO Box 55907,4.1,16,IT,eD9.GjWi?Z
Analiese Jacobbe,ajacobbeke@apache.org,86 648 833 6023,PO Box 39698,1.1,18,Computer Science,lV6|.F.w3p~Cv
Valina Trussell,vtrussellkf@statcounter.com,7 335 631 5037,PO Box 61627,2.6,15,Computer Science,"sU5|EN""X"
Adolphe Keslake,akeslakekg@sina.com.cn,49 741 532 3275,PO Box 12212,2,17,Computer Science,tP2`o\rjr?5'eMg
Zacharia Stanett,zstanettkh@bandcamp.com,93 706 633 3030,PO Box 4647,1.4,21,IT,vO5#yQ~sCC
Nehemiah Ianetti,nianettiki@hugedomains.com,380 828 206 4726,Room 517,3.1,15,IT,rS9!r/\>kR
Vittoria Crispe,vcrispekj@washington.edu,27 934 909 5314,Suite 64,1.3,21,IT,"qR1\kUsp""k"
Ryun Ronchetti,rronchettikk@addtoany.com,380 875 211 9808,Room 1261,1.8,18,IT,rQ6(0/!+0ok
Marie-jeanne Larrosa,mlarrosakl@qq.com,63 525 124 8034,PO Box 3433,1.4,12,Computer Science,iJ4)||\1H
Pedro Conichie,pconichiekm@mediafire.com,48 844 247 3679,Suite 50,1.6,12,Computer Science,cR6!X2Y}{~OZOY
Bordie Sibbons,bsibbonskn@stanford.edu,86 430 879 6998,Suite 29,1.3,12,IT,qW2*lt7|bx@m0`@%
Kali Stourton,kstourtonko@hc360.com,86 937 152 0453,Suite 61,1.3,20,IT,gB0@IBRnyB?<YVA_
Natalie Evetts,nevettskp@devhub.com,254 117 601 1001,Suite 6,0.4,19,Computer Science,"nQ9!?6ZEpx}""("
Adelind Sealy,asealykq@state.gov,48 267 410 1618,1st Floor,0.2,12,IT,fR6)<$3e>$m
Analiese Comolli,acomollikr@princeton.edu,420 495 320 5745,5th Floor,0.6,20,Computer Science,vV5{)>H8!ahxr.E=
Janela Norwich,jnorwichks@constantcontact.com,86 758 525 9218,Apt 58,1.6,16,Computer Science,"tO7,`|Zm5VMR"
Karry Easeman,keasemankt@dedecms.com,86 374 483 3955,Room 1304,1.9,14,Computer Science,"dV0.s#y,b=~"
Sidonia Woodes,swoodesku@amazon.com,86 893 343 3249,17th Floor,2.6,13,IT,jK6@0ys){9R
Elbert Goford,egofordkv@craigslist.org,55 913 512 8640,Suite 30,1,13,IT,tD0/U(oiqZpGf
Deane Faley,dfaleykw@si.edu,7 509 230 5806,Room 1468,1,18,IT,zI4*y~&80(|>2}f
Ingeberg Hartfield,ihartfieldkx@people.com.cn,358 272 401 1523,Apt 882,3.9,14,Computer Science,zR2+&k\SYY>U<!@
Dagmar Manna,dmannaky@yahoo.com,63 304 115 5452,Suite 17,0.9,20,Computer Science,dA5%DzpzZk1>|
Ivar Fickling,ificklingkz@123-reg.co.uk,92 909 703 4084,Apt 1101,1.3,17,IT,xA9\+zLNBzl+lB
Barnebas Kealey,bkealeyl0@pcworld.com,48 879 291 5416,PO Box 68613,3,18,Computer Science,vT1_4kNgBPPI%s
Erica Malmar,emalmarl1@slideshare.net,81 466 832 1300,Apt 1260,0.8,19,Computer Science,uC0%kFt@
Esra Nials,enialsl2@oakley.com,62 532 416 0934,Suite 3,0.2,16,IT,dT3'z?/cx5XQr&X
Collin Pethick,cpethickl3@etsy.com,86 844 648 8451,Apt 530,1.2,21,Computer Science,"yE2,$1Ew~u!2"
Betteann Arniz,barnizl4@businesswire.com,44 219 321 0348,Room 937,2.5,21,IT,"zT0@4G$,O5(Un"""
Caprice Sisey,csiseyl5@addthis.com,60 764 929 8605,Suite 81,3.9,21,IT,uU9|p/xpz~F(#0F
Brennan Ratter,bratterl6@mlb.com,251 863 918 6753,19th Floor,3.9,17,Computer Science,pL4)#/TXq
Jolie Murch,jmurchl7@photobucket.com,351 220 988 9123,19th Floor,0.5,19,Computer Science,"gV6"".46QpR,Q"
Keslie Friedlos,kfriedlosl8@latimes.com,55 870 114 9534,Room 266,2.4,16,Computer Science,gN8!>5s}
Myrle Kiehnlt,mkiehnltl9@alibaba.com,55 250 566 8605,10th Floor,3.9,12,IT,wU9}aQ#ksxtuq
Konstantine Ousbie,kousbiela@newyorker.com,242 815 126 2671,Apt 395,0.4,20,IT,rC8`{2L)*scCI
Addie Coll,acolllb@huffingtonpost.com,240 247 877 5191,Room 49,0.8,21,IT,mI9/k$p}v7q
Emmanuel Lody,elodylc@admin.ch,855 948 138 3373,Apt 673,3.4,12,Computer Science,"lQ7\a!,61HS8*""yt"
Gene Peerman,gpeermanld@i2i.jp,86 273 969 8492,Suite 30,1,12,IT,"bU0/P,f=oV'C"
Chrysa Harral,charralle@mapquest.com,86 490 530 4266,Room 1387,0.4,20,IT,iG3.E1wn
Zoe Nice,znicelf@sciencedaily.com,370 117 678 7645,PO Box 55182,3.1,19,Computer Science,bF3~*G'rB(~!qqNE
Keith Keene,kkeenelg@washington.edu,54 281 507 9451,Suite 75,3.8,21,IT,vI3+cUowqt/
Horatius Worsall,hworsalllh@imgur.com,352 801 142 9435,PO Box 24776,3.8,17,Computer Science,cR6(NeQqWMqP
Sonnnie Trill,strillli@nbcnews.com,30 997 993 7837,Apt 1654,4.2,21,Computer Science,qX9\=R/.l4
Jory Petto,jpettolj@google.nl,269 360 947 0465,Apt 1216,0.6,20,IT,qQ7*Y_GeS.t<`
Larine Endon,lendonlk@phpbb.com,57 308 520 2344,Room 1874,3.1,16,Computer Science,"xB7<`O%?""mh+4AP$"
Zonda Chaddock,zchaddockll@cisco.com,63 947 749 2173,PO Box 17922,3.1,12,IT,xG9$8KCR
Talbert Fitton,tfittonlm@shop-pro.jp,33 843 300 7083,Apt 114,1.9,15,IT,fQ8}_Zz<
Glynn Grzelewski,ggrzelewskiln@webs.com,94 366 297 3226,Suite 95,0.2,21,IT,"aC0.,T@=FWwfhDP"
Ashton Couche,acouchelo@stumbleupon.com,970 624 599 7610,Apt 1609,0.7,18,IT,"hI0_>""(6E"
Ruggiero Fareweather,rfareweatherlp@fema.gov,86 168 652 5976,2nd Floor,2.5,21,Computer Science,nD7?K6%y9w/
Faydra Foulkes,ffoulkeslq@npr.org,86 148 656 2362,17th Floor,3.6,17,Computer Science,rL6\0Y{{L9E.T4
Pippo Mitchelmore,pmitchelmorelr@microsoft.com,86 111 945 0420,Room 655,0.2,19,Computer Science,iM6'8>$(U\Hc
Gar Feaviour,gfeaviourls@behance.net,81 412 634 9114,Room 751,4.2,16,Computer Science,vF1}aK09)IaAr
Rudiger Boik,rboiklt@reddit.com,257 722 383 8711,PO Box 85770,1.2,17,Computer Science,aX2?{+ZJp(8%7(f
Bax Hannabus,bhannabuslu@gizmodo.com,86 599 726 2553,PO Box 74132,0.6,19,IT,eE7&loOCt|dfg
Milena Tickner,mticknerlv@google.com.au,63 748 520 8856,Apt 785,3.7,16,Computer Science,mH5@c4VC
Inigo Cathery,icatherylw@odnoklassniki.ru,84 340 887 2794,PO Box 71944,0.9,12,Computer Science,mH5)6w)Eyg?'IM@
Rosy Katt,rkattlx@networkadvertising.org,55 136 299 2946,Suite 86,4.1,18,Computer Science,pK4(=N>{nt
Erin Bromell,ebromellly@geocities.com,63 290 855 0145,Apt 91,3.5,19,IT,iH2{b0{%xt
Nelia Nail,nnaillz@amazon.de,86 956 523 7828,Room 707,3,20,IT,"gG7$,MX/A+}~|='"
Marillin Doidge,mdoidgem0@istockphoto.com,93 350 659 6069,5th Floor,1.3,12,Computer Science,"gQ8,_l5+>.o"
Kingsly Moran,kmoranm1@angelfire.com,60 778 445 2251,Apt 1419,3.5,19,Computer Science,rW8#IiI(
Chiquita Drennan,cdrennanm2@sphinn.com,7 420 742 1331,11th Floor,2.1,19,Computer Science,"qJ4<!Rmo"""
Carola Penning,cpenningm3@gmpg.org,43 613 224 9121,Suite 41,1.4,15,IT,"yP5|G1u6S,Ln3t"""""
Rori McGrath,rmcgrathm4@mac.com,81 156 477 1858,Suite 66,3.7,17,IT,wI5$qu~Vq%SVR6y
Mavis Dawney,mdawneym5@omniture.com,385 505 901 0198,PO Box 2757,3.2,14,IT,zQ6%yu?E&R@lIR
Hobard Cashen,hcashenm6@fastcompany.com,62 858 117 7443,Room 974,2.4,17,IT,zZ2*4|+)xLxm
Gamaliel Brundall,gbrundallm7@psu.edu,261 824 380 3587,Suite 53,0.6,17,IT,yH5{$iKN{P3&
Morna Simister,msimisterm8@tinyurl.com,1 206 265 4207,Room 1457,1.8,17,Computer Science,fH0/I~VqcvDM
Jason Pauleau,jpauleaum9@buzzfeed.com,504 257 100 0971,Apt 1386,2,20,Computer Science,lU7$_j+\L
Hartley Roskruge,hroskrugema@furl.net,62 845 457 0538,PO Box 42202,2.6,16,Computer Science,zK7=UsPI<XaQ
Cooper Larkings,clarkingsmb@liveinternet.ru,355 307 192 5196,16th Floor,0.9,12,Computer Science,tY7#d8PC|\wb3kd
Maurise Chapiro,mchapiromc@hugedomains.com,62 291 648 8066,Room 1478,2.5,12,Computer Science,"tN3,lgb9D6|O*"
Aube Ping,apingmd@123-reg.co.uk,507 219 583 9231,8th Floor,4.1,20,IT,wS5.8&g')
Joellen Sandeford,jsandefordme@thetimes.co.uk,7 711 428 3978,Suite 40,2.6,18,IT,"nJ5,~!tuu#`6"
Nappie Schiementz,nschiementzmf@zdnet.com,222 670 334 3952,Apt 1369,2.3,21,Computer Science,"gT4%&A)+E,6"
Niko Cathie,ncathiemg@addthis.com,92 412 475 7220,Room 390,0.8,12,Computer Science,wB2#tYv<8
Evania Pinckard,epinckardmh@dailymotion.com,255 749 956 9392,Suite 34,1.4,15,IT,aK4#@I!F3QdULOF=
Willdon Goymer,wgoymermi@businessinsider.com,46 886 129 5665,19th Floor,2.3,12,Computer Science,oP4>M_Qvz/|_\R=
Avril Hardware,ahardwaremj@fastcompany.com,1 204 707 4489,Room 1012,4.1,20,Computer Science,"mS9/Wh9q?&8c,)"
Dill Redemile,dredemilemk@ihg.com,47 363 596 6578,Apt 1219,3.7,21,Computer Science,"oY5>'Mm6""tik\dTg"
Wilfred Summerlad,wsummerladml@de.vu,251 762 297 9135,Suite 43,3.7,13,Computer Science,zE0)%Sjlm
Malia Ricart,mricartmm@jimdo.com,7 807 435 3422,Room 1421,1.9,21,Computer Science,"oN6~U'c>""""HBf"
Margarete Gillian,mgillianmn@privacy.gov.au,63 279 704 4223,Suite 47,3.5,16,IT,"bB0+shvi2XL\,Bf$"
Ermengarde Drohan,edrohanmo@edublogs.org,381 632 585 8292,Room 1018,2.7,19,IT,vQ1.%e6O|wXu9mH+
Erena Muddle,emuddlemp@hubpages.com,62 956 340 2913,Suite 63,4.1,13,IT,kH0}j{O__ZL|80w{
Etheline MacCafferty,emaccaffertymq@fema.gov,86 371 658 7772,Room 1738,3.9,12,IT,rM4#3H5w%z%f
Kingston Rubinowitch,krubinowitchmr@yahoo.com,381 940 832 6863,20th Floor,3.1,18,IT,jM5.|Y{tHmyBWMM
Neile Ryce,nrycems@mapy.cz,269 984 134 0333,Room 672,1.8,21,IT,"jH5""Ot5o<JWW"
Carolyn Piotrkowski,cpiotrkowskimt@accuweather.com,255 349 539 3395,Room 1845,0.6,20,IT,iP6|K}e&RrHszv
Wayne Thulborn,wthulbornmu@mysql.com,86 952 496 5847,PO Box 12090,3.8,17,Computer Science,hM2?KyqeAg62
Dido Ashe,dashemv@webeden.co.uk,86 459 856 6773,18th Floor,2.2,21,IT,lW3@w>fQ*>e9
Amelia Cubbini,acubbinimw@xinhuanet.com,98 742 784 0332,Room 1026,4.2,17,IT,wA9|oJ!onc
Marlene Gauntley,mgauntleymx@e-recht24.de,86 557 641 6816,Suite 88,1.6,19,IT,gA1$Z_r_m~c7
Lura Lannen,llannenmy@gravatar.com,241 652 389 1891,PO Box 2904,2.9,12,IT,jY2__q\aH|b
Genia Hurring,ghurringmz@photobucket.com,48 139 151 7594,9th Floor,2.7,20,IT,fX3\wWACv3
Jen Readshall,jreadshalln0@google.com,55 881 979 9576,PO Box 89505,2.3,18,Computer Science,iZ4\cSP46fi=
Barry Walles,bwallesn1@answers.com,86 709 983 3355,Apt 280,0.1,20,Computer Science,rF1#squ>K.@IC
Jdavie Larcher,jlarchern2@irs.gov,86 105 901 3566,6th Floor,4.2,21,Computer Science,"hM0{8{{fG""v~"
Northrop Fillingham,nfillinghamn3@opera.com,86 462 424 8052,Suite 22,1.1,17,Computer Science,qH8<QaBZ?vno#T
Lonni Novic,lnovicn4@dion.ne.jp,48 961 617 5448,PO Box 37912,1.6,21,Computer Science,aD2)dSI8!u5
Alano Pascho,apaschon5@topsy.com,1 214 756 2951,Room 1155,3.8,12,Computer Science,"yY6<c||Sa,0"
Kassi Burbudge,kburbudgen6@zimbio.com,7 202 656 2470,Room 1367,2.4,17,IT,pE1/oKp=SMGAF
Rayshell Godlip,rgodlipn7@cafepress.com,66 924 167 9675,PO Box 55033,2.7,16,IT,"iN6`.rm!y)z"""
Elane Attwood,eattwoodn8@vkontakte.ru,1 650 271 8545,Room 585,1.5,12,IT,sI5_?}I*3U
Maximilien Hearley,mhearleyn9@slashdot.org,86 382 760 7953,PO Box 64785,2.3,18,IT,cK0)7WQ~ERp1{_/
Gerianna Maplethorpe,gmaplethorpena@nbcnews.com,351 276 645 5396,Room 1915,0.9,12,Computer Science,dW3?S2L~O8+6R\30
Conni Steet,csteetnb@yelp.com,420 380 198 6251,Room 289,1.5,12,IT,gN8$Yp*C}u998E$
Gabie Gearing,ggearingnc@yelp.com,594 762 930 3826,Apt 264,2.8,17,Computer Science,"dM6,VLjaY`$"
Terri Meigh,tmeighnd@shutterfly.com,31 581 313 3346,17th Floor,1.2,15,Computer Science,"aM3|75DWZ./.PW"""
Brinna Spincks,bspincksne@nifty.com,48 479 622 2254,Suite 8,0.4,16,Computer Science,wR1</h6av<z
Frans Nesterov,fnesterovnf@yolasite.com,86 691 800 3997,19th Floor,2.8,16,Computer Science,qD9+11(b~nytn
Meris Cotterrill,mcotterrillng@is.gd,505 447 215 2385,9th Floor,4,13,IT,iP7`OVz'MQU_b)o
Arielle Tussaine,atussainenh@discuz.net,62 986 252 8894,Apt 504,0.6,20,IT,"kS2*#,)=V|kb"
Jacqui Colledge,jcolledgeni@oaic.gov.au,7 466 677 5638,Room 358,1.6,21,IT,qQ5$XQm40
Clarissa Wissbey,cwissbeynj@eventbrite.com,359 273 507 3305,6th Floor,1.2,17,Computer Science,sD4=H22x$`|r
Nellie Cromwell,ncromwellnk@about.me,81 344 703 0066,PO Box 71216,1.4,13,Computer Science,"eN1'ZC""O|K`eyF"
Dyan Larimer,dlarimernl@wsj.com,62 731 237 8462,Room 1363,0.1,14,Computer Science,bP9{oinm|mJLP
Brock McKissack,bmckissacknm@163.com,55 786 465 3876,Suite 7,3.8,15,Computer Science,fA2%8VF1uYi|
Rab Turfrey,rturfreynn@example.com,420 385 578 2592,PO Box 17691,0.3,18,Computer Science,oP4~b3~Z?lBnXOuR
Lynnell Koeppe,lkoeppeno@gravatar.com,86 349 246 0306,Suite 29,2.9,20,Computer Science,tA5_N{~/{ru'Z
Gannon Wybern,gwybernnp@desdev.cn,86 591 175 2984,Apt 315,4,18,Computer Science,uI5@S.i>p=
Yorgos Ransbury,yransburynq@163.com,44 697 335 5114,Suite 23,2.5,20,IT,gQ8?os5*\$AZ||7
Valentino Skelhorn,vskelhornnr@jiathis.com,46 442 147 3113,11th Floor,0.6,17,IT,"lD1`W(y?""|ws"
Huntley MacSporran,hmacsporranns@gravatar.com,356 456 654 3875,Suite 43,0.9,18,Computer Science,wA7{d!1M.J{~&
Trish Ingham,tinghamnt@technorati.com,380 248 679 6120,PO Box 46999,2.7,20,IT,kD8`YwB`
Lethia Gallahar,lgallaharnu@4shared.com,81 891 303 8065,15th Floor,3.7,12,IT,yK7|@e&`XBl(oD
Hastings Melwall,hmelwallnv@nationalgeographic.com,62 535 809 2851,Apt 1199,0.5,20,IT,nV3*8MQK2}b7nH
Kati Slessor,kslessornw@yolasite.com,967 825 585 2706,10th Floor,0.4,15,IT,hS5)T#eZg)3fc~
Friedrich Rofe,frofenx@rambler.ru,54 654 240 4126,Suite 86,0.8,21,Computer Science,lV2~tp3VkSW<
Obidiah Gosling,ogoslingny@elpais.com,7 703 113 6884,Apt 1790,3.2,19,Computer Science,qE2!.y%3D55PS
Blayne Brashaw,bbrashawnz@nytimes.com,60 107 780 2325,PO Box 63615,3.3,16,IT,jK6*N1QwE
Simmonds Harkes,sharkeso0@accuweather.com,33 982 884 7878,Apt 1425,0.1,20,Computer Science,"lE6""YI/i}c!"
Anderea Leask,aleasko1@yellowpages.com,54 330 882 0490,Room 885,4,13,Computer Science,"iI4?""j!a&Ul\)!`,"
Jasmina Blaver,jblavero2@goodreads.com,66 476 835 5036,PO Box 68688,1.9,12,Computer Science,pE0#.CJL&n{?de
Anissa Linbohm,alinbohmo3@reddit.com,33 661 714 8830,5th Floor,1.3,14,Computer Science,oO4'._3b{u0x/
Abey Brimham,abrimhamo4@aol.com,62 241 625 5420,5th Floor,3.7,16,IT,jG2&B_t!x)v!C
Germaine Karpe,gkarpeo5@creativecommons.org,81 968 427 1481,Suite 8,2.5,16,IT,xI2?PGtg*0'@w
Emmery Gergler,egerglero6@businesswire.com,86 686 635 7888,Suite 51,2.5,14,Computer Science,kE7=#+QKY2y}5Bc
Orv Peoples,opeopleso7@comcast.net,86 325 335 8264,PO Box 60991,1.7,13,IT,"cV9,*|U+<ieu"
Electra Ilchenko,eilchenkoo8@cdc.gov,51 615 928 9105,Room 843,2.9,16,Computer Science,iW2|Hle64B`I&jz(
Jakob Skylett,jskyletto9@nydailynews.com,31 856 588 8453,Apt 1481,2.4,18,Computer Science,tW4|#|Zi+{r
Frasquito Humble,fhumbleoa@skype.com,358 245 236 0913,Suite 22,3.5,16,Computer Science,rO3|ng!'2rJM9X
Danny Yakubowicz,dyakubowiczob@e-recht24.de,7 755 149 0055,PO Box 11747,1.4,20,Computer Science,bF9=uM1J9>2leu
Sibelle Howles,showlesoc@answers.com,62 545 910 6036,PO Box 54749,4.2,21,Computer Science,kA6+oE_e_baYa0(%
Lexis Gilbane,lgilbaneod@noaa.gov,86 770 480 6422,6th Floor,0.8,12,Computer Science,pM9$0/lo
Maryjo Winscum,mwinscumoe@imgur.com,223 914 178 8706,Apt 922,0.1,19,IT,hS0?kEphNS
Skyler Kovalski,skovalskiof@google.cn,7 774 357 6711,PO Box 1191,1.6,12,Computer Science,eB0}LY79U6WMXp9
Ave Blessed,ablessedog@goo.gl,57 397 749 0202,14th Floor,3.6,13,IT,"kR2~|cm""TQ"
Fan Lincoln,flincolnoh@ebay.co.uk,967 775 687 4089,Room 440,1.8,20,IT,sN2`e5*+'
Rice Thewles,rthewlesoi@skype.com,371 392 362 3043,20th Floor,3.5,16,IT,fU6.h</*#
Humfrid Webland,hweblandoj@trellian.com,46 219 924 1113,PO Box 85327,1.5,13,Computer Science,rX1.p%hcv
Erik Meadley,emeadleyok@pbs.org,961 161 436 1228,PO Box 69024,0.4,14,Computer Science,vT2+/Vni&v_
Diana Pollie,dpollieol@chronoengine.com,86 300 762 0973,Suite 18,0.9,21,Computer Science,"yP1,n3M,"
Juliette Rey,jreyom@ameblo.jp,1 714 630 7747,Room 525,0.9,21,IT,fE5!{{jkU
Sigismundo Liebmann,sliebmannon@hostgator.com,46 411 185 8554,PO Box 92511,1.3,12,IT,"yH5""x*B|"
Daisy Roscow,droscowoo@google.com,7 493 733 8339,1st Floor,2.5,21,IT,wD4{svsid
Domeniga Delamaine,ddelamaineop@ucla.edu,51 373 281 8178,Apt 514,3.2,16,IT,qV4%''>{5E1
Basile Justham,bjusthamoq@360.cn,7 384 648 0962,Room 1688,0.7,19,Computer Science,"jK2,s_Kj(zBc>o"
Farra Abel,fabelor@nbcnews.com,55 835 104 6142,PO Box 1707,2.1,16,IT,eL4?Qd7|>@Y.0A&
Manfred Shailer,mshaileros@goodreads.com,86 157 843 2950,Apt 876,3.3,19,Computer Science,"sI6""7HQ!"
Bearnard Clineck,bclineckot@sourceforge.net,48 993 236 6918,16th Floor,0.3,14,IT,jH8%yd}Bp1.\4|Q
Aime Imlen,aimlenou@paginegialle.it,60 942 290 7162,PO Box 96322,3.8,12,Computer Science,nE6<AJ=Ji$Y
Austin Pye,apyeov@illinois.edu,46 624 766 8316,Apt 1266,3.5,16,Computer Science,sR4.QXP>_
Mill Barlas,mbarlasow@cbsnews.com,55 403 740 3259,2nd Floor,1.4,15,IT,kQ4~pM$veGE
Doe Flinders,dflindersox@creativecommons.org,1 702 942 1417,PO Box 84923,3.7,14,IT,"yO6@z9?vv<geBZ""J"
Ruben Yateman,ryatemanoy@de.vu,63 831 363 6911,2nd Floor,0.7,16,IT,xT0=C1VAB.6+X6>f
Karlan Tantrum,ktantrumoz@unesco.org,86 562 170 9201,Room 958,3.5,15,Computer Science,jZ7?W>lp0!H
Regan Bercher,rbercherp0@mlb.com,351 558 584 3237,Room 259,3.8,12,Computer Science,fD1_Wp5Q
Salem Lemmen,slemmenp1@eventbrite.com,86 427 919 1252,Apt 567,2.9,18,IT,jN9(a>UrP7
Anabel Doni,adonip2@issuu.com,230 301 656 8282,PO Box 24347,2.5,18,Computer Science,mG3~_=3_=
Diannne Skaife,dskaifep3@istockphoto.com,86 340 365 0974,Suite 76,4,13,IT,yD8|iZl~
Margalit Bragg,mbraggp4@webmd.com,358 865 713 2074,2nd Floor,0.8,13,Computer Science,"oZ6,U}?&5lzj"
Manya Arendsen,marendsenp5@joomla.org,55 196 130 3159,8th Floor,1,18,IT,eO9=TuZ\!*
Nanette Click,nclickp6@economist.com,46 113 252 0324,PO Box 78097,3.8,18,IT,"lH1"")~ml7.#"
Christa Waulker,cwaulkerp7@jalbum.net,351 810 413 0602,PO Box 34728,3,20,IT,uF3&tAk|_
Glenine Mothersdale,gmothersdalep8@edublogs.org,263 450 158 1524,18th Floor,2.2,12,Computer Science,fW1&T#|#B=D
Ambrosi Joselson,ajoselsonp9@whitehouse.gov,46 786 435 9151,PO Box 63006,2.7,15,Computer Science,"mV9=,!G&"
Mikael Crawford,mcrawfordpa@wikimedia.org,244 127 670 9897,Room 216,2.5,20,IT,qQ2!)T&6?KDqc
Anastassia Steptowe,asteptowepb@multiply.com,58 575 820 0960,Apt 74,3.9,16,Computer Science,rN1\KN@3D$
Raffarty Muncie,rmunciepc@vimeo.com,234 804 992 4189,PO Box 4560,3.2,14,IT,yI6>9ftq
Lockwood Yaakov,lyaakovpd@icq.com,86 479 203 9632,Apt 1533,2.3,19,IT,uB3+h+}r}*g
Louisa De Ambrosis,ldepe@hostgator.com,86 860 379 0480,PO Box 84978,3.2,12,IT,yR7`0uu8Nj!
Elliott Simonaitis,esimonaitispf@purevolume.com,62 857 121 8888,6th Floor,0.6,13,IT,"bT9``""HPt@g"
Katuscha Joannic,kjoannicpg@google.fr,46 987 465 5194,PO Box 6731,1.1,18,IT,"wC4&~jk"">b53<"
Allegra Soans,asoansph@nsw.gov.au,46 510 835 8000,Room 1142,4.2,14,Computer Science,tR9.aEfA0jx8`i&
Mic Acors,macorspi@upenn.edu,63 422 210 7266,Suite 29,1.3,21,IT,jR5$.7XOd
Tracie Jeandeau,tjeandeaupj@admin.ch,380 342 610 7142,Room 1577,3.4,20,IT,aB3$+ol'zj9#|o4d
Waldemar Towll,wtowllpk@deliciousdays.com,502 322 912 9062,7th Floor,3.5,18,Computer Science,gD1%+M'M3o
Shermie Haws,shawspl@etsy.com,675 523 782 2923,7th Floor,2.8,16,Computer Science,"nI5&,f}Bo$JQt"
Ruggiero Roberts,rrobertspm@netvibes.com,505 480 552 3480,Apt 809,0.5,12,Computer Science,"kM3""jME!qq8"
Luther Cardew,lcardewpn@abc.net.au,33 927 918 0433,Room 248,0.2,17,Computer Science,pW8@2y+Cf_uc
Georgeanne Croney,gcroneypo@microsoft.com,420 812 784 3046,PO Box 80801,1.3,20,Computer Science,cZ2}!\JsceD
Christoffer Kemp,ckemppp@simplemachines.org,86 955 427 7321,Apt 917,3.8,13,Computer Science,tR3#Jet41
Francoise Gyver,fgyverpq@networkadvertising.org,1 438 200 7926,Apt 878,2.2,12,Computer Science,"xR1\g/PX',\)%V+f"
Bernardine Rumsey,brumseypr@spotify.com,86 372 262 7817,Suite 53,3.5,13,IT,mS8}<Rdg`s55FV
Vonny Gameson,vgamesonps@parallels.com,44 726 889 9793,Room 1766,1.1,17,Computer Science,qE7&aLCKwn
Boycey Woonton,bwoontonpt@infoseek.co.jp,7 784 722 3910,10th Floor,0.4,18,IT,vM5&s\bgdp0Utow
Catarina Jocic,cjocicpu@g.co,502 897 716 2703,Suite 57,0.2,17,IT,tO2_{{uUHqt=.
Zondra Craiker,zcraikerpv@gov.uk,86 104 802 5963,Apt 611,1.7,19,Computer Science,pZ6+V882DKy
La verne Gaitskill,lvernepw@tamu.edu,86 285 354 6831,Apt 1213,1.3,19,IT,vL0?Ymf!=8}{V5SY
Konstantine Beckham,kbeckhampx@nifty.com,380 354 888 7834,Suite 29,0.9,14,IT,wV8@&g%wk'W
Elvin McGuane,emcguanepy@ycombinator.com,86 823 233 2898,Apt 87,0.9,17,IT,xF6/F1UK87_?
Gaston Wyley,gwyleypz@alibaba.com,62 742 911 5242,Suite 92,3.1,14,Computer Science,tL8*2)~/D$)
Davis Delbergue,ddelbergueq0@last.fm,351 272 537 0504,Apt 775,3,20,IT,cR7}p(hUwa2+R
Gilly Sullivan,gsullivanq1@privacy.gov.au,31 458 931 1867,PO Box 6533,2.1,21,Computer Science,tA6@w&{P
Ursola Kells,ukellsq2@nbcnews.com,46 984 162 5525,19th Floor,3.7,12,Computer Science,"lW1\(,A90p7"
Benjamen Mayow,bmayowq3@ycombinator.com,380 200 821 6475,Suite 70,2.5,21,IT,aA3%ymkP
Antonio Fernandez,afernandezq4@google.it,86 814 497 7057,PO Box 90649,1,13,Computer Science,wM2+yUbQyBL++*me
Nesta Ferrillo,nferrilloq5@cornell.edu,51 569 667 6755,Suite 42,1.8,15,IT,pW1=2e<s{Ghn
Chaim Deetch,cdeetchq6@tripadvisor.com,1 915 764 0620,Room 1375,2.1,21,IT,oS8\6!u`YOc5
Loraine Ashfull,lashfullq7@over-blog.com,420 254 328 5952,PO Box 52306,2.7,16,Computer Science,jE6!Sv.i<
Hugues McAuliffe,hmcauliffeq8@hexun.com,353 322 292 8718,PO Box 60325,1.3,14,IT,"vU3""ty20&M#fl'"
Joshua Jacob,jjacobq9@rakuten.co.jp,1 514 903 7161,PO Box 81209,1.3,20,IT,hT9!V4+T
Burlie Harbert,bharbertqa@google.pl,351 888 714 1132,Room 82,1.8,13,IT,sZ0(j*@u
Alvie Masters,amastersqb@npr.org,20 483 212 6741,Apt 249,1.9,14,IT,xP2`Q~Sqh%N.e
Bob Fowlestone,bfowlestoneqc@amazon.de,373 731 419 5037,Apt 798,3.6,12,Computer Science,pC1\Eg}%S4n
Robbie Winfred,rwinfredqd@surveymonkey.com,27 901 753 3341,Suite 62,3.3,13,IT,sS8!mmKndam
Currie Saice,csaiceqe@techcrunch.com,55 172 892 9847,Apt 587,0.4,13,IT,uI0{)n@rB
Clarisse Lomansey,clomanseyqf@amazon.co.jp,7 696 905 1834,Suite 63,0.1,16,IT,cT9_oW=O!Jq34F
Derril Kleanthous,dkleanthousqg@ibm.com,52 581 217 8658,Apt 1843,0.3,21,IT,kI8!O2d/Kam%}0
Brynn Kief,bkiefqh@hostgator.com,62 437 763 4475,PO Box 12271,1.7,12,Computer Science,gB3`afUQ63x7U4~O
Titos Haggerstone,thaggerstoneqi@unicef.org,86 430 807 1131,PO Box 87700,1.1,13,IT,zY3$&'yEPm5L%o
Silvester Iohananof,siohananofqj@slashdot.org,33 362 344 8557,PO Box 79688,3.8,17,IT,"xV6(SF%Cx|'x""nMN"
Ardyth Rallings,arallingsqk@mozilla.org,386 398 230 0234,Suite 14,2.1,14,Computer Science,bK3}uo(OBDOkT)
Alta Cobb,acobbql@nyu.edu,55 121 957 2726,Room 386,1.7,17,Computer Science,"yI1&M""m8(Jr/`(b"
Bennie Divisek,bdivisekqm@bbc.co.uk,1 150 191 7101,Apt 1868,0,13,IT,qU8$lN!<w2
Beckie O'Geaney,bogeaneyqn@wufoo.com,86 680 363 5347,PO Box 87294,3.6,19,Computer Science,"nC7,+jUEZ8e"
Lanie Dummer,ldummerqo@zdnet.com,255 401 838 8299,Suite 85,3.7,16,IT,"nV5{D4QCY,"
Maynord Redan,mredanqp@lycos.com,62 597 810 4374,PO Box 12954,3.4,15,IT,vD9<9KB4+qbLz
Emmi Bestwick,ebestwickqq@miibeian.gov.cn,62 357 857 9626,Room 1451,3.5,12,IT,"kF8*fIk2,ri"
Margette Risson,mrissonqr@ucla.edu,95 518 643 3186,Suite 18,0.6,17,Computer Science,dH4_M+{W%?{~$A
Jon Rillett,jrillettqs@ezinearticles.com,33 446 762 1076,Suite 16,1.8,21,IT,uF5$5Jlxrf6T
Gorden Smardon,gsmardonqt@twitter.com,63 890 284 3061,Suite 22,1.6,20,Computer Science,qJ4`2`bkCH~q//
Darlene Soppit,dsoppitqu@hugedomains.com,62 211 285 4121,Suite 86,2.7,17,IT,tS2<Yjue_0
Lira Mcwhinnie,lmcwhinnieqv@paypal.com,62 183 757 2884,Room 1645,3,15,IT,tV7/MfIFbYYkgGM*
Yanaton Kunrad,ykunradqw@drupal.org,86 517 794 5617,Room 463,4.2,13,IT,"nE0*RZMcb""'Jv?qT"
Stacee Capozzi,scapozziqx@psu.edu,62 905 977 0046,Room 1386,2.3,15,IT,sL0`xkz$zzjxw
Daphna Wrate,dwrateqy@wp.com,387 885 619 6231,Room 29,1.5,17,IT,jB8&.qkGy@(cf5}p
Collin Yashunin,cyashuninqz@state.tx.us,351 615 337 3597,PO Box 82050,0.8,21,IT,iY3+$T5)Prt
Bili Duval,bduvalr0@sogou.com,30 854 681 8368,Apt 14,3.4,15,Computer Science,aM1=f+X$\Vu
Berny Jerrand,bjerrandr1@multiply.com,86 115 897 1387,Apt 560,3.1,19,Computer Science,wL6!(5IJ3qYRv/io
Sharyl Clemenson,sclemensonr2@blogspot.com,57 471 213 4296,Room 1974,2.3,14,IT,"dU3""e?2Wjl"
Mellicent Pineaux,mpineauxr3@t-online.de,1 580 118 1050,Room 744,2.4,19,Computer Science,"xM6""8Nk1"
Liza O'Hoolahan,lohoolahanr4@netlog.com,1 581 194 4462,17th Floor,2.3,12,IT,mX1*aggO
Denyse Perchard,dperchardr5@java.com,63 361 704 0210,11th Floor,2.3,16,Computer Science,zD4*J+ngOM
Isa Silbermann,isilbermannr6@barnesandnoble.com,46 998 918 1819,Room 1858,0.2,17,IT,xX1.Koj'bLZ
Hebert Pengelly,hpengellyr7@godaddy.com,7 122 287 9648,1st Floor,2.4,17,Computer Science,gF8+zj*)9u&8ivN
Jolee Obern,jobernr8@taobao.com,36 168 807 4064,9th Floor,3.9,21,IT,oR9>FY6(
Christalle Pietz,cpietzr9@irs.gov,51 719 735 8585,PO Box 5887,2.1,20,Computer Science,fR1~ceN{uC!n!`K
Flemming Choffin,fchoffinra@yelp.com,48 152 926 0994,11th Floor,0.7,13,Computer Science,gM3=xI!1K
Dmitri Wheelband,dwheelbandrb@moonfruit.com,62 140 663 4366,Suite 91,1.2,15,Computer Science,iB2%iWgvYeivZrX
Nelli Chisman,nchismanrc@amazon.co.jp,86 636 628 5925,17th Floor,2.2,14,Computer Science,aG5+Jlh|~eP_5*`
Chanda Lilleyman,clilleymanrd@facebook.com,33 437 105 7632,Apt 658,0.3,15,Computer Science,pM3|E\*hg<@
Ethelbert Wedon,ewedonre@scribd.com,86 696 186 6729,PO Box 50545,1.2,12,IT,jE2<=gMAC3m+'L0
Chelsea Trahar,ctraharrf@cbc.ca,86 776 399 0859,9th Floor,0.3,16,Computer Science,sM1>>OMRg\20#a
Billy Dodsworth,bdodsworthrg@paypal.com,54 966 377 7189,10th Floor,0.4,20,Computer Science,rA2?es70Qe$\
Linet Murrum,lmurrumrh@sina.com.cn,504 160 404 4509,PO Box 23696,3,12,IT,iI9?vURV<(
Shelton Pasque,spasqueri@chron.com,7 880 405 9458,PO Box 26877,3.4,19,Computer Science,"pX3*_,8*_(=|Npb"
Dasya Swindlehurst,dswindlehurstrj@ameblo.jp,359 374 173 1621,PO Box 97672,0.8,19,Computer Science,nP0@@T(dvU
Evan Kondrachenko,ekondrachenkork@stumbleupon.com,261 160 719 1561,Suite 61,3.9,17,Computer Science,eU8*Vx=A
Frances Jeffrey,fjeffreyrl@rakuten.co.jp,86 629 175 1694,PO Box 83807,3.3,20,Computer Science,wN3\7Q@\QOFNrs=
Gabriellia Hradsky,ghradskyrm@biblegateway.com,66 252 786 5349,Suite 68,0.1,15,Computer Science,"fW6@b"")UXV_t#sl0"
Roderich Azam,razamrn@taobao.com,63 750 223 8635,Room 1488,3.1,12,IT,"eJ7""G'""s>"
Austine Kalisz,akaliszro@storify.com,1 317 642 4535,18th Floor,3.5,14,Computer Science,kD8!~_v2_By~EwdU
Laughton Szapiro,lszapirorp@forbes.com,33 583 237 7343,8th Floor,1.3,19,Computer Science,qH4(=JXIxEPGdH
Herculie Repper,hrepperrq@businessinsider.com,57 244 151 6565,9th Floor,1.6,21,IT,"qL1+i,}WqH_s(H6"
Kaspar Abrahm,kabrahmrr@wsj.com,62 494 970 6471,Room 140,3.8,17,IT,hD0$'(p*_v=H+
